X,Y,INDEX_,ACCNUM,YEAR,DATE,TIME,HOUR,STREET1,STREET2,OFFSET,ROAD_CLASS,DISTRICT,WARDNUM,DIVISION,LATITUDE,LONGITUDE,LOCCOORD,ACCLOC,TRAFFCTL,VISIBILITY,LIGHT,RDSFCOND,ACCLASS,IMPACTYPE,INVTYPE,INVAGE,INJURY,FATAL_NO,INITDIR,VEHTYPE,MANOEUVER,DRIVACT,DRIVCOND,PEDTYPE,PEDACT,PEDCOND,CYCLISTYPE,CYCACT,CYCCOND,PEDESTRIAN,CYCLIST,AUTOMOBILE,MOTORCYCLE,TRUCK,TRSN_CITY_VEH,EMERG_VEH,PASSENGER,SPEEDING,AG_DRIV,REDLIGHT,ALCOHOL,DISABILITY,POLICE_DIVISION,HOOD_ID,NEIGHBOURHOOD,ObjectId,VEHICLES_IN_STREET
-8832332.078,5415963.748,80770489,7001157981,2017,2017/06/28 04:00:00+00,1800,18,DANFORTH AVE,WOODYCREST AVE,33 m West of,Major Arterial,Toronto and East York,14,"54,55",43.679412,-79.342189,Mid-Block,At/Near Private Drive,No Control,Clear,Daylight,Dry,Non-Fatal Injury,Cyclist Collisions,Driver,35 to 39,None,<Null>,West,"Automobile, Station Wagon",Turning Left,Improper Turn,Inattentive,<Null>,<Null>,<Null>,<Null>,<Null>,<Null>,<Null>,Yes,Yes,<Null>,<Null>,<Null>,<Null>,Yes,<Null>,<Null>,<Null>,<Null>,<Null>,D55,69,Blake-Jones (69),13241,69
-8853947.651,5406189.575,80772355,7000222779,2017,2017/02/05 05:00:00+00,314,3,F G GARDINER XY  W,GARDINER X W 427 X N RAMP,250 m West of,<Null>,Etobicoke York,3,22,43.615878,-79.536365,Mid-Block,Non Intersection,No Control,Clear,Dark,Dry,Non-Fatal Injury,SMV Other,Driver,20 to 24,Major,<Null>,West,"Automobile, Station Wagon",Going Ahead,Other,Had Been Drinking,<Null>,<Null>,<Null>,<Null>,<Null>,<Null>,<Null>,<Null>,Yes,<Null>,<Null>,<Null>,<Null>,<Null>,<Null>,<Null>,<Null>,<Null>,<Null>,D22,20,Alderwood (20),13242,20
-8839173.217,5417680.765,80908003,7001556385,2017,2017/08/28 04:00:00+00,1135,11,215 LONSDALE  RD,<Null>,51 m West of,Minor Arterial,Toronto and East York,12,53,43.690566,-79.403644,Mid-Block,Non Intersection,No Control,Clear,Daylight,Dry,Non-Fatal Injury,Sideswipe,Driver,55 to 59,None,<Null>,East,"Automobile, Station Wagon",Going Ahead,Improper Passing,Normal,<Null>,<Null>,<Null>,<Null>,<Null>,<Null>,<Null>,<Null>,Yes,Yes,<Null>,<Null>,<Null>,<Null>,<Null>,Yes,<Null>,<Null>,<Null>,D53,96,Casa Loma (96),13243,96
-8823822.148,5427385.897,80885802,7000787795,2017,2017/05/04 04:00:00+00,2110,21,MIDLAND AVE,TREEWOOD ST,3 m West of,Major Arterial,Scarborough,21,41,43.753573,-79.265743,Intersection,At Intersection,No Control,Rain,"Dark, artificial",Wet,Non-Fatal Injury,Approaching,Driver,40 to 44,Minor,<Null>,North,"Automobile, Station Wagon",Going Ahead,Driving Properly,Normal,<Null>,<Null>,<Null>,<Null>,<Null>,<Null>,<Null>,<Null>,Yes,<Null>,<Null>,<Null>,<Null>,Yes,<Null>,Yes,<Null>,<Null>,Yes,D41,127,Bendale (127),13244,127
-8838380.845,5411746.451,80779940,7001383874,2017,2017/08/01 04:00:00+00,1735,17,GRANGE AVE,LARCH ST,3 m West of,Local,Toronto and East York,10,52,43.652007,-79.396526,Intersection,At Intersection,No Control,Clear,Daylight,Dry,Non-Fatal Injury,Cyclist Collisions,Cyclist,30 to 34,Major,<Null>,East,Bicycle,Going Ahead,<Null>,<Null>,<Null>,<Null>,<Null>,Cyclist and Driver travelling in same direction. One vehicle rear-ended the other.,Failed to Yield Right of Way,Inattentive,<Null>,Yes,Yes,<Null>,<Null>,<Null>,<Null>,<Null>,<Null>,<Null>,<Null>,<Null>,<Null>,D52,78,Kensington-Chinatown (78),13246,78
-8821147.697,5430585.851,80777175,7000960688,2017,2017/05/31 04:00:00+00,900,9,ELLESMERE RD,BELLAMY RD N,<Null>,Major Arterial,Scarborough,24,43,43.774333,-79.241718,Intersection,At Intersection,Traffic Signal,Clear,Daylight,Dry,Non-Fatal Injury,Pedestrian Collisions,Pedestrian,20 to 24,Major,<Null>,Unknown,<Null>,<Null>,<Null>,<Null>,Pedestrian hit on sidewalk or shoulder,On Sidewalk or Shoulder,Normal,<Null>,<Null>,<Null>,Yes,<Null>,Yes,<Null>,<Null>,<Null>,<Null>,<Null>,<Null>,Yes,<Null>,<Null>,<Null>,D43,137,Woburn (137),13248,137
-8837751.445,5431352.094,80741755,7000961019,2017,2017/05/31 04:00:00+00,950,9,BAYVIEW AVE,BURLEIGH HEIGHTS DR,<Null>,Major Arterial,North York,"18,17","33,32",43.779303,-79.390872,Intersection,At Intersection,No Control,Clear,Daylight,Dry,Fatal,Pedestrian Collisions,Driver,40 to 44,None,<Null>,South,"Automobile, Station Wagon",Going Ahead,Driving Properly,Normal,<Null>,<Null>,<Null>,<Null>,<Null>,<Null>,Yes,<Null>,Yes,<Null>,<Null>,<Null>,<Null>,<Null>,<Null>,<Null>,<Null>,<Null>,<Null>,D33,52,Bayview Village (52),13249,52
-8837751.445,5431352.094,80756919,7000961019,2017,2017/05/31 04:00:00+00,950,9,BAYVIEW AVE,BURLEIGH HEIGHTS DR,<Null>,Major Arterial,North York,"18,17","33,32",43.779303,-79.390872,Intersection,At Intersection,No Control,Clear,Daylight,Dry,Fatal,Pedestrian Collisions,Pedestrian,15 to 19,Fatal,25,West,<Null>,<Null>,<Null>,<Null>,Vehicle is going straight thru inter.while ped cross without ROW,"Crossing, no Traffic Control",Normal,<Null>,<Null>,<Null>,Yes,<Null>,Yes,<Null>,<Null>,<Null>,<Null>,<Null>,<Null>,<Null>,<Null>,<Null>,<Null>,D33,52,Bayview Village (52),13250,52
-8837751.445,5431352.094,80756920,7000961019,2017,2017/05/31 04:00:00+00,950,9,BAYVIEW AVE,BURLEIGH HEIGHTS DR,<Null>,Major Arterial,North York,"18,17","33,32",43.779303,-79.390872,Intersection,At Intersection,No Control,Clear,Daylight,Dry,Fatal,Pedestrian Collisions,Pedestrian,15 to 19,Major,<Null>,West,<Null>,<Null>,<Null>,<Null>,Vehicle is going straight thru inter.while ped cross without ROW,Crossing without right of way,Normal,<Null>,<Null>,<Null>,Yes,<Null>,Yes,<Null>,<Null>,<Null>,<Null>,<Null>,<Null>,<Null>,<Null>,<Null>,<Null>,D33,52,Bayview Village (52),13251,52
-8814636.064,5432668.576,80781615,7000963426,2017,2017/05/31 04:00:00+00,1540,15,ELLESMERE RD,CONLINS RD,<Null>,Minor Arterial,Scarborough,25,43,43.787841,-79.183223,Intersection,Intersection Related,Traffic Signal,Clear,Daylight,Dry,Non-Fatal Injury,Cyclist Collisions,Cyclist,15 to 19,Major,<Null>,North,Bicycle,Going Ahead,<Null>,<Null>,<Null>,<Null>,<Null>,"Cyclist without ROW rides into path of motorist at inter, lnwy, dwy-Cyclist not turn.",Disobeyed Traffic Control,Normal,<Null>,Yes,Yes,<Null>,<Null>,<Null>,<Null>,<Null>,<Null>,<Null>,<Null>,<Null>,<Null>,D43,134,Highland Creek (134),13252,134
-8814636.064,5432668.576,80781616,7000963426,2017,2017/05/31 04:00:00+00,1540,15,ELLESMERE RD,CONLINS RD,<Null>,Minor Arterial,Scarborough,25,43,43.787841,-79.183223,Intersection,Intersection Related,Traffic Signal,Clear,Daylight,Dry,Non-Fatal Injury,Cyclist Collisions,Driver,35 to 39,None,<Null>,West,"Automobile, Station Wagon",Going Ahead,Driving Properly,Unknown,<Null>,<Null>,<Null>,<Null>,<Null>,<Null>,<Null>,Yes,Yes,<Null>,<Null>,<Null>,<Null>,<Null>,<Null>,<Null>,<Null>,<Null>,<Null>,D43,134,Highland Creek (134),13253,134
-8851150.081,5424022.518,80777256,7000964313,2017,2017/05/31 04:00:00+00,1800,18,JANE ST,TROUTBROOKE DR,2 m South of,Major Arterial,Etobicoke York,"7,6",31,43.731745,-79.511234,Intersection,At Intersection,Traffic Signal,Clear,Daylight,Dry,Non-Fatal Injury,SMV Other,Driver,30 to 34,Major,<Null>,North,Pick Up Truck,Going Ahead,Lost control,Normal,<Null>,<Null>,<Null>,<Null>,<Null>,<Null>,<Null>,<Null>,Yes,<Null>,<Null>,<Null>,<Null>,<Null>,<Null>,<Null>,<Null>,<Null>,<Null>,D31,26,Downsview-Roding-CFB (26),13254,26
-8833773.331,5413705.666,80776257,7000970282,2017,2017/06/01 04:00:00+00,1504,15,GERRARD ST E,ST MATTHEWS RD,15 m East of,Minor Arterial,Toronto and East York,14,55,43.66474,-79.355136,Intersection,Non Intersection,No Control,Clear,Daylight,Dry,Non-Fatal Injury,Pedestrian Collisions,Driver,55 to 59,None,<Null>,West,"Automobile, Station Wagon",Going Ahead,Driving Properly,Normal,<Null>,<Null>,<Null>,<Null>,<Null>,<Null>,Yes,<Null>,Yes,<Null>,<Null>,<Null>,<Null>,<Null>,<Null>,<Null>,<Null>,<Null>,<Null>,D55,70,South Riverdale (70),13255,70
-8833773.331,5413705.666,80776258,7000970282,2017,2017/06/01 04:00:00+00,1504,15,GERRARD ST E,ST MATTHEWS RD,15 m East of,Minor Arterial,Toronto and East York,14,55,43.66474,-79.355136,Intersection,Non Intersection,No Control,Clear,Daylight,Dry,Non-Fatal Injury,Pedestrian Collisions,Pedestrian,60 to 64,Major,<Null>,North,<Null>,<Null>,<Null>,<Null>,Pedestrian hit at mid-block,"Crossing, no Traffic Control",Normal,<Null>,<Null>,<Null>,Yes,<Null>,Yes,<Null>,<Null>,<Null>,<Null>,<Null>,<Null>,<Null>,<Null>,<Null>,<Null>,D55,70,South Riverdale (70),13256,70
-8841993.719,5414518.832,80776331,7000972243,2017,2017/06/01 04:00:00+00,2018,20,OSSINGTON AVE,DUPONT ST,<Null>,Major Arterial,Toronto and East York,"9,11",14,43.670024,-79.428981,Intersection,At Intersection,Traffic Signal,Clear,Daylight,Dry,Non-Fatal Injury,Turning Movement,Driver,30 to 34,None,<Null>,North,"Automobile, Station Wagon",Turning Left,Improper Turn,Normal,<Null>,<Null>,<Null>,<Null>,<Null>,<Null>,<Null>,<Null>,Yes,Yes,<Null>,<Null>,<Null>,<Null>,<Null>,<Null>,<Null>,<Null>,<Null>,D14,93,Dovercourt-Wallace Emerson-Junction (93),13257,93
-8841993.719,5414518.832,80776332,7000972243,2017,2017/06/01 04:00:00+00,2018,20,OSSINGTON AVE,DUPONT ST,<Null>,Major Arterial,Toronto and East York,"9,11",14,43.670024,-79.428981,Intersection,At Intersection,Traffic Signal,Clear,Daylight,Dry,Non-Fatal Injury,Turning Movement,Motorcycle Driver,25 to 29,Major,<Null>,South,Motorcycle,Going Ahead,Driving Properly,Normal,<Null>,<Null>,<Null>,<Null>,<Null>,<Null>,<Null>,<Null>,Yes,Yes,<Null>,<Null>,<Null>,<Null>,<Null>,<Null>,<Null>,<Null>,<Null>,D14,93,Dovercourt-Wallace Emerson-Junction (93),13258,93
-8844896.598,5418294.437,80942181,7000981173,2017,2017/06/03 04:00:00+00,156,1,EGLINTON AVE W,MIRANDA AVE,25 m East of,Major Arterial,North York,"8,9",13,43.694552,-79.455058,Intersection,Intersection Related,Stop Sign,Clear,"Dark, artificial",Dry,Non-Fatal Injury,Pedestrian Collisions,Pedestrian,20 to 24,Major,<Null>,South,<Null>,<Null>,<Null>,<Null>,Pedestrian hit at mid-block,"Crossing, no Traffic Control",Normal,<Null>,<Null>,<Null>,Yes,<Null>,Yes,<Null>,<Null>,<Null>,<Null>,<Null>,<Null>,Yes,<Null>,<Null>,<Null>,D13,109,Caledonia-Fairbank (109),13259,109
-8844896.598,5418294.437,80942182,7000981173,2017,2017/06/03 04:00:00+00,156,1,EGLINTON AVE W,MIRANDA AVE,25 m East of,Major Arterial,North York,"8,9",13,43.694552,-79.455058,Intersection,Intersection Related,Stop Sign,Clear,"Dark, artificial",Dry,Non-Fatal Injury,Pedestrian Collisions,Driver,35 to 39,Minimal,<Null>,West,Pick Up Truck,Going Ahead,Failed to Yield Right of Way,Had Been Drinking,<Null>,<Null>,<Null>,<Null>,<Null>,<Null>,Yes,<Null>,Yes,<Null>,<Null>,<Null>,<Null>,<Null>,<Null>,Yes,<Null>,<Null>,<Null>,D13,109,Caledonia-Fairbank (109),13260,109
-8822209.24,5420098.277,80756922,7000983227,2017,2017/06/03 04:00:00+00,1134,11,RIDGEMOOR AVE,KINGSTON RD,<Null>,Major Arterial,Scarborough,20,41,43.706267,-79.251254,Intersection,At Intersection,Traffic Signal,Clear,Daylight,Dry,Fatal,Pedestrian Collisions,Driver,55 to 59,None,<Null>,North,"Automobile, Station Wagon",Turning Left,Failed to Yield Right of Way,Inattentive,<Null>,<Null>,<Null>,<Null>,<Null>,<Null>,Yes,<Null>,Yes,<Null>,<Null>,<Null>,<Null>,<Null>,<Null>,Yes,<Null>,<Null>,<Null>,D41,122,Birchcliffe-Cliffside (122),13261,122
-8822209.24,5420098.277,80756966,7000983227,2017,2017/06/03 04:00:00+00,1134,11,RIDGEMOOR AVE,KINGSTON RD,<Null>,Major Arterial,Scarborough,20,41,43.706267,-79.251254,Intersection,At Intersection,Traffic Signal,Clear,Daylight,Dry,Fatal,Pedestrian Collisions,Pedestrian,70 to 74,Fatal,26,Unknown,<Null>,<Null>,<Null>,<Null>,Vehicle turns left while ped crosses with ROW at inter.,Crossing with right of way,Normal,<Null>,<Null>,<Null>,Yes,<Null>,Yes,<Null>,<Null>,<Null>,<Null>,<Null>,<Null>,Yes,<Null>,<Null>,<Null>,D41,122,Birchcliffe-Cliffside (122),13262,122
-8844860.085,5415327.76,80771253,7001005616,2017,2017/06/03 04:00:00+00,2330,23,ST CLAIR AVE W,CALEDONIA RD,<Null>,Major Arterial,Toronto and East York,9,13,43.67528,-79.45473,Intersection,Intersection Related,Traffic Signal,Clear,"Dark, artificial",Dry,Non-Fatal Injury,Cyclist Collisions,Driver,unknown,None,<Null>,West,"Automobile, Station Wagon",Going Ahead,Improper Passing,Inattentive,<Null>,<Null>,<Null>,<Null>,<Null>,<Null>,<Null>,Yes,Yes,<Null>,<Null>,<Null>,<Null>,<Null>,<Null>,Yes,<Null>,<Null>,<Null>,D13,92,Corso Italia-Davenport (92),13263,92
-8844860.085,5415327.76,80771254,7001005616,2017,2017/06/03 04:00:00+00,2330,23,ST CLAIR AVE W,CALEDONIA RD,<Null>,Major Arterial,Toronto and East York,9,13,43.67528,-79.45473,Intersection,Intersection Related,Traffic Signal,Clear,"Dark, artificial",Dry,Non-Fatal Injury,Cyclist Collisions,Cyclist,40 to 44,Major,<Null>,West,Bicycle,Going Ahead,<Null>,<Null>,<Null>,<Null>,<Null>,Cyclist and Driver travelling in same direction. One vehicle sideswipes the other.,Driving Properly,Normal,<Null>,Yes,Yes,<Null>,<Null>,<Null>,<Null>,<Null>,<Null>,Yes,<Null>,<Null>,<Null>,D13,92,Corso Italia-Davenport (92),13264,92
-8857140.962,5420389.018,80780896,7000998235,2017,2017/06/05 04:00:00+00,1732,17,KIPLING  AVE,NAMCO  RD,<Null>,Major Arterial,Etobicoke York,1,23,43.708155,-79.565051,Intersection,At Intersection,Stop Sign,Clear,Daylight,Dry,Non-Fatal Injury,Angle,Driver,30 to 34,None,<Null>,East,"Automobile, Station Wagon",Going Ahead,Failed to Yield Right of Way,Normal,<Null>,<Null>,<Null>,<Null>,<Null>,<Null>,<Null>,<Null>,Yes,Yes,<Null>,<Null>,<Null>,Yes,<Null>,Yes,<Null>,<Null>,<Null>,D23,1,West Humber-Clairville (1),13265,1
-8857140.962,5420389.018,80780897,7000998235,2017,2017/06/05 04:00:00+00,1732,17,KIPLING  AVE,NAMCO  RD,<Null>,Major Arterial,Etobicoke York,1,23,43.708155,-79.565051,Intersection,At Intersection,Stop Sign,Clear,Daylight,Dry,Non-Fatal Injury,Angle,Motorcycle Driver,60 to 64,Major,<Null>,South,Motorcycle,Going Ahead,Driving Properly,Normal,<Null>,<Null>,<Null>,<Null>,<Null>,<Null>,<Null>,<Null>,Yes,Yes,<Null>,<Null>,<Null>,Yes,<Null>,Yes,<Null>,<Null>,<Null>,D23,1,West Humber-Clairville (1),13266,1
-8857140.962,5420389.018,80780898,7000998235,2017,2017/06/05 04:00:00+00,1732,17,KIPLING  AVE,NAMCO  RD,<Null>,Major Arterial,Etobicoke York,1,23,43.708155,-79.565051,Intersection,At Intersection,Stop Sign,Clear,Daylight,Dry,Non-Fatal Injury,Angle,Passenger,55 to 59,None,<Null>,<Null>,<Null>,<Null>,<Null>,<Null>,<Null>,<Null>,<Null>,<Null>,<Null>,<Null>,<Null>,<Null>,Yes,Yes,<Null>,<Null>,<Null>,Yes,<Null>,Yes,<Null>,<Null>,<Null>,D23,1,West Humber-Clairville (1),13267,1
-8834732.237,5417384.721,80771191,7001001490,2017,2017/06/06 04:00:00+00,825,8,BAYVIEW AVE,POTTERY RD,3 m South of,Major Arterial,North York,"11,15",53,43.688643,-79.36375,Mid-Block,Non Intersection,No Control,Rain,Daylight,Wet,Non-Fatal Injury,SMV Other,Motorcycle Driver,25 to 29,Major,<Null>,South,Motorcycle,Slowing or Stopping,Lost control,Normal,<Null>,<Null>,<Null>,<Null>,<Null>,<Null>,<Null>,<Null>,<Null>,Yes,<Null>,<Null>,<Null>,<Null>,<Null>,<Null>,<Null>,<Null>,<Null>,D53,56,Leaside-Bennington (56),13268,56
-8820063.891,5431007.508,80895353,7001003309,2017,2017/06/06 04:00:00+00,1320,13,MARKHAM  RD,ELLESMERE RD,69 m North of,Major Arterial,Scarborough,24,43,43.777068,-79.231982,Mid-Block,Non Intersection,No Control,Rain,Daylight,Wet,Non-Fatal Injury,Pedestrian Collisions,Pedestrian,20 to 24,Major,<Null>,Unknown,<Null>,<Null>,<Null>,<Null>,Pedestrian hit on sidewalk or shoulder,On Sidewalk or Shoulder,Normal,<Null>,<Null>,<Null>,Yes,<Null>,Yes,<Null>,<Null>,<Null>,<Null>,<Null>,<Null>,<Null>,<Null>,<Null>,<Null>,D43,137,Woburn (137),13269,137
-8820063.891,5431007.508,80895354,7001003309,2017,2017/06/06 04:00:00+00,1320,13,MARKHAM  RD,ELLESMERE RD,69 m North of,Major Arterial,Scarborough,24,43,43.777068,-79.231982,Mid-Block,Non Intersection,No Control,Rain,Daylight,Wet,Non-Fatal Injury,Pedestrian Collisions,Driver,40 to 44,None,<Null>,South,"Automobile, Station Wagon",Going Ahead,Lost control,Normal,<Null>,<Null>,<Null>,<Null>,<Null>,<Null>,Yes,<Null>,Yes,<Null>,<Null>,<Null>,<Null>,<Null>,<Null>,<Null>,<Null>,<Null>,<Null>,D43,137,Woburn (137),13270,137
-8842387.79,5411832.763,80771307,7001007745,2017,2017/06/07 04:00:00+00,701,7,COLLEGE ST,DUFFERIN ST,<Null>,Major Arterial,Toronto and East York,9,"11,14",43.652568,-79.432521,Intersection,Intersection Related,Traffic Signal,Clear,Daylight,Dry,Non-Fatal Injury,Cyclist Collisions,Driver,50 to 54,None,<Null>,East,Pick Up Truck,Turning Left,Failed to Yield Right of Way,Inattentive,<Null>,<Null>,<Null>,<Null>,<Null>,<Null>,<Null>,Yes,Yes,<Null>,<Null>,<Null>,<Null>,<Null>,<Null>,Yes,<Null>,<Null>,<Null>,D14,83,Dufferin Grove (83),13271,83
-8842387.79,5411832.763,80771308,7001007745,2017,2017/06/07 04:00:00+00,701,7,COLLEGE ST,DUFFERIN ST,<Null>,Major Arterial,Toronto and East York,9,"11,14",43.652568,-79.432521,Intersection,Intersection Related,Traffic Signal,Clear,Daylight,Dry,Non-Fatal Injury,Cyclist Collisions,Cyclist,65 to 69,Major,<Null>,West,Bicycle,Going Ahead,<Null>,<Null>,<Null>,<Null>,<Null>,Motorist turned left across cyclists path.,Driving Properly,Normal,<Null>,Yes,Yes,<Null>,<Null>,<Null>,<Null>,<Null>,<Null>,Yes,<Null>,<Null>,<Null>,D14,83,Dufferin Grove (83),13272,83
-8837117.925,5412261.103,80771309,7001007889,2017,2017/06/07 04:00:00+00,715,7,DUNDAS ST W,ELIZABETH ST,<Null>,Major Arterial,Toronto and East York,"11,10",52,43.655352,-79.385181,Intersection,At Intersection,No Control,Clear,Daylight,Dry,Non-Fatal Injury,Cyclist Collisions,Driver,55 to 59,None,<Null>,West,"Automobile, Station Wagon",Turning Left,Failed to Yield Right of Way,Inattentive,<Null>,<Null>,<Null>,<Null>,<Null>,<Null>,<Null>,Yes,Yes,<Null>,<Null>,<Null>,<Null>,<Null>,<Null>,Yes,<Null>,<Null>,<Null>,D52,76,Bay Street Corridor (76),13273,76
-8837117.925,5412261.103,80771310,7001007889,2017,2017/06/07 04:00:00+00,715,7,DUNDAS ST W,ELIZABETH ST,<Null>,Major Arterial,Toronto and East York,"11,10",52,43.655352,-79.385181,Intersection,At Intersection,No Control,Clear,Daylight,Dry,Non-Fatal Injury,Cyclist Collisions,Cyclist,25 to 29,Major,<Null>,East,Bicycle,Going Ahead,<Null>,<Null>,<Null>,<Null>,<Null>,Motorist turned left across cyclists path.,Driving Properly,Normal,<Null>,Yes,Yes,<Null>,<Null>,<Null>,<Null>,<Null>,<Null>,Yes,<Null>,<Null>,<Null>,D52,76,Bay Street Corridor (76),13274,76
-8838250.824,5415264.964,80771534,7001016401,2017,2017/06/08 04:00:00+00,1030,10,DAVENPORT RD,AVENUE RD,100 m East of,Major Arterial,Toronto and East York,11,53,43.674872,-79.395358,Mid-Block,Non Intersection,No Control,Clear,Daylight,Dry,Non-Fatal Injury,Cyclist Collisions,Truck Driver,35 to 39,None,<Null>,East,"Truck - Closed (Blazer, etc)",Going Ahead,Other,Normal,<Null>,<Null>,<Null>,<Null>,<Null>,<Null>,<Null>,Yes,<Null>,<Null>,Yes,<Null>,<Null>,<Null>,<Null>,<Null>,<Null>,<Null>,<Null>,D53,95,Annex (95),13275,95
-8838250.824,5415264.964,80771535,7001016401,2017,2017/06/08 04:00:00+00,1030,10,DAVENPORT RD,AVENUE RD,100 m East of,Major Arterial,Toronto and East York,11,53,43.674872,-79.395358,Mid-Block,Non Intersection,No Control,Clear,Daylight,Dry,Non-Fatal Injury,Cyclist Collisions,Cyclist,20 to 24,Major,<Null>,East,Bicycle,Going Ahead,<Null>,<Null>,<Null>,<Null>,<Null>,Cyclist and Driver travelling in same direction. One vehicle sideswipes the other.,Other,Normal,<Null>,Yes,<Null>,<Null>,Yes,<Null>,<Null>,<Null>,<Null>,<Null>,<Null>,<Null>,<Null>,D53,95,Annex (95),13276,95
-8844447.312,5413769.682,80902355,7001021387,2017,2017/06/09 04:00:00+00,135,1,SYMINGTON AVE,DUPONT ST,50 m South of,Collector,Toronto and East York,9,11,43.665156,-79.451022,Mid-Block,Non Intersection,No Control,Clear,"Dark, artificial",Dry,Non-Fatal Injury,SMV Unattended Vehicle,Driver,20 to 24,Major,<Null>,South,"Automobile, Station Wagon",Going Ahead,Lost control,Unknown,<Null>,<Null>,<Null>,<Null>,<Null>,<Null>,<Null>,<Null>,Yes,<Null>,<Null>,<Null>,<Null>,<Null>,<Null>,Yes,<Null>,<Null>,<Null>,D11,93,Dovercourt-Wallace Emerson-Junction (93),13277,93
-8830249.624,5416576.69,80771754,7001025478,2017,2017/06/09 04:00:00+00,1543,15,DANFORTH AV,COXWELL AV              (542),10 m East of,Major Arterial,Toronto and East York,"14,19","54,55",43.683394,-79.323482,Intersection,Intersection Related,Traffic Signal,Clear,Daylight,Dry,Non-Fatal Injury,Cyclist Collisions,Cyclist,60 to 64,Major,<Null>,West,Bicycle,Changing Lanes,<Null>,<Null>,<Null>,<Null>,<Null>,Cyclist and Driver travelling in same direction. One vehicle sideswipes the other.,Improper Lane Change,Normal,<Null>,Yes,Yes,<Null>,<Null>,<Null>,<Null>,<Null>,<Null>,<Null>,<Null>,<Null>,<Null>,D55,66,Danforth (66),13278,66
-8830249.624,5416576.69,80771755,7001025478,2017,2017/06/09 04:00:00+00,1543,15,DANFORTH AV,COXWELL AV              (542),10 m East of,Major Arterial,Toronto and East York,"14,19","54,55",43.683394,-79.323482,Intersection,Intersection Related,Traffic Signal,Clear,Daylight,Dry,Non-Fatal Injury,Cyclist Collisions,Driver,55 to 59,None,<Null>,West,"Automobile, Station Wagon",Going Ahead,Driving Properly,Normal,<Null>,<Null>,<Null>,<Null>,<Null>,<Null>,<Null>,Yes,Yes,<Null>,<Null>,<Null>,<Null>,<Null>,<Null>,<Null>,<Null>,<Null>,<Null>,D55,66,Danforth (66),13279,66
-8821568.04,5425106.376,80770949,7001030494,2017,2017/06/10 04:00:00+00,1055,10,DANFORTH RD,WETHERBY DR,35 m South of,Major Arterial,Scarborough,21,43,43.73878,-79.245494,Mid-Block,Non Intersection,No Control,Clear,Daylight,Dry,Non-Fatal Injury,Other,Driver,30 to 34,None,<Null>,North,Municipal Transit Bus (TTC),Pulling Away from Shoulder or Curb,Driving Properly,Normal,<Null>,<Null>,<Null>,<Null>,<Null>,<Null>,<Null>,<Null>,<Null>,<Null>,<Null>,Yes,<Null>,Yes,<Null>,<Null>,<Null>,<Null>,<Null>,D43,138,Eglinton East (138),13280,138
-8821568.04,5425106.376,80770950,7001030494,2017,2017/06/10 04:00:00+00,1055,10,DANFORTH RD,WETHERBY DR,35 m South of,Major Arterial,Scarborough,21,43,43.73878,-79.245494,Mid-Block,Non Intersection,No Control,Clear,Daylight,Dry,Non-Fatal Injury,Other,Passenger,80 to 84,Major,<Null>,<Null>,<Null>,<Null>,<Null>,<Null>,<Null>,<Null>,<Null>,<Null>,<Null>,<Null>,<Null>,<Null>,<Null>,<Null>,<Null>,Yes,<Null>,Yes,<Null>,<Null>,<Null>,<Null>,<Null>,D43,138,Eglinton East (138),13281,138
-8830214.781,5433754.993,81338080,7001031526,2017,2017/06/10 04:00:00+00,1404,14,FINCH  AVE E,PHARMACY AVE,233 m East of,Major Arterial,Scarborough,22,42,43.794886,-79.323169,Mid-Block,Non Intersection,No Control,Clear,Daylight,Dry,Non-Fatal Injury,Pedestrian Collisions,Motorcycle Driver,25 to 29,Minor,<Null>,East,Motorcycle,Going Ahead,Exceeding Speed Limit,Inattentive,<Null>,<Null>,<Null>,<Null>,<Null>,<Null>,Yes,<Null>,<Null>,Yes,<Null>,<Null>,<Null>,<Null>,Yes,Yes,<Null>,<Null>,<Null>,D42,117,L'Amoreaux (117),13282,117
-8830214.781,5433754.993,81338081,7001031526,2017,2017/06/10 04:00:00+00,1404,14,FINCH  AVE E,PHARMACY AVE,233 m East of,Major Arterial,Scarborough,22,42,43.794886,-79.323169,Mid-Block,Non Intersection,No Control,Clear,Daylight,Dry,Non-Fatal Injury,Pedestrian Collisions,Pedestrian,60 to 64,Major,<Null>,North,<Null>,<Null>,<Null>,<Null>,Pedestrian hit at mid-block,"Crossing, no Traffic Control",Normal,<Null>,<Null>,<Null>,Yes,<Null>,<Null>,Yes,<Null>,<Null>,<Null>,<Null>,Yes,Yes,<Null>,<Null>,<Null>,D42,117,L'Amoreaux (117),13283,117
-8854861.473,5427405.315,80770967,7001036218,2017,2017/06/11 04:00:00+00,635,6,50 TORYORK DR,<Null>,3 m East of,Collector,Etobicoke York,7,31,43.753699,-79.544574,Mid-Block,At/Near Private Drive,No Control,Clear,"Dark, artificial",Dry,Non-Fatal Injury,SMV Other,Driver,45 to 49,Major,<Null>,East,"Automobile, Station Wagon",Going Ahead,Lost control,Inattentive,<Null>,<Null>,<Null>,<Null>,<Null>,<Null>,<Null>,<Null>,Yes,<Null>,<Null>,<Null>,<Null>,<Null>,Yes,Yes,<Null>,<Null>,<Null>,D31,21,Humber Summit (21),13284,21