X,Y,INDEX_,ACCNUM,YEAR,DATE,TIME,HOUR,STREET1,STREET2,OFFSET,ROAD_CLASS,DISTRICT,WARDNUM,DIVISION,LATITUDE,LONGITUDE,LOCCOORD,ACCLOC,TRAFFCTL,VISIBILITY,LIGHT,RDSFCOND,ACCLASS,IMPACTYPE,INVTYPE,INVAGE,INJURY,FATAL_NO,INITDIR,VEHTYPE,MANOEUVER,DRIVACT,DRIVCOND,PEDTYPE,PEDACT,PEDCOND,CYCLISTYPE,CYCACT,CYCCOND,PEDESTRIAN,CYCLIST,AUTOMOBILE,MOTORCYCLE,TRUCK,TRSN_CITY_VEH,EMERG_VEH,PASSENGER,SPEEDING,AG_DRIV,REDLIGHT,ALCOHOL,DISABILITY,POLICE_DIVISION,HOOD_ID,NEIGHBOURHOOD,ObjectId,VEHICLES_IN_STREET
-8828181.531,5421583.957,81137867,7001038789,2017,2017/06/11 04:00:00+00,1605,16,5 WAKUNDA PL,O CONNOR DR,<Null>,Major Arterial,Toronto and East York,19,54,43.715914,-79.304904,Intersection,Intersection Related,No Control,Clear,Daylight,Dry,Non-Fatal Injury,Cyclist Collisions,Cyclist,25 to 29,Major,<Null>,West,Bicycle,Other,<Null>,<Null>,<Null>,<Null>,<Null>,Insufficient information (to determine cyclist crash type).,Other,Unknown,<Null>,Yes,Yes,<Null>,<Null>,<Null>,<Null>,<Null>,<Null>,<Null>,<Null>,<Null>,<Null>,D54,43,Victoria Village (43),13285,43
-8828181.531,5421583.957,81137868,7001038789,2017,2017/06/11 04:00:00+00,1605,16,5 WAKUNDA PL,O CONNOR DR,<Null>,Major Arterial,Toronto and East York,19,54,43.715914,-79.304904,Intersection,Intersection Related,No Control,Clear,Daylight,Dry,Non-Fatal Injury,Cyclist Collisions,Driver,40 to 44,None,<Null>,East,"Automobile, Station Wagon",Going Ahead,Driving Properly,Normal,<Null>,<Null>,<Null>,<Null>,<Null>,<Null>,<Null>,Yes,Yes,<Null>,<Null>,<Null>,<Null>,<Null>,<Null>,<Null>,<Null>,<Null>,<Null>,D54,43,Victoria Village (43),13286,43
-8845159.089,5409573.998,80787797,7001039810,2017,2017/06/11 04:00:00+00,1922,19,1755 LAKE SHORE BLVD W,<Null>,9 m North of,Major Arterial,Toronto and East York,4,11,43.637885,-79.457416,Mid-Block,Non Intersection,No Control,Clear,Daylight,Dry,Non-Fatal Injury,Sideswipe,Truck Driver,25 to 29,None,<Null>,East,"Truck - Closed (Blazer, etc)",Changing Lanes,Improper Passing,Inattentive,<Null>,<Null>,<Null>,<Null>,<Null>,<Null>,<Null>,<Null>,<Null>,Yes,Yes,<Null>,<Null>,<Null>,<Null>,Yes,<Null>,<Null>,<Null>,D11,85,South Parkdale (85),13287,85
-8845159.089,5409573.998,80787798,7001039810,2017,2017/06/11 04:00:00+00,1922,19,1755 LAKE SHORE BLVD W,<Null>,9 m North of,Major Arterial,Toronto and East York,4,11,43.637885,-79.457416,Mid-Block,Non Intersection,No Control,Clear,Daylight,Dry,Non-Fatal Injury,Sideswipe,Motorcycle Driver,20 to 24,Major,<Null>,East,Motorcycle,Going Ahead,Driving Properly,Normal,<Null>,<Null>,<Null>,<Null>,<Null>,<Null>,<Null>,<Null>,<Null>,Yes,Yes,<Null>,<Null>,<Null>,<Null>,Yes,<Null>,<Null>,<Null>,D11,85,South Parkdale (85),13288,85
-8842962.755,5427190.791,80886061,7001050075,2017,2017/06/13 04:00:00+00,854,8,BATHURST ST,REINER RD,3 m South of,Major Arterial,North York,6,32,43.752307,-79.437686,Intersection,At Intersection,Stop Sign,Clear,Daylight,Dry,Non-Fatal Injury,Turning Movement,Passenger,15 to 19,Minimal,<Null>,<Null>,<Null>,<Null>,<Null>,<Null>,<Null>,<Null>,<Null>,<Null>,<Null>,<Null>,<Null>,<Null>,Yes,<Null>,<Null>,<Null>,<Null>,Yes,Yes,Yes,<Null>,<Null>,<Null>,D32,38,Lansing-Westgate (38),13289,38
-8842962.755,5427190.791,80886062,7001050075,2017,2017/06/13 04:00:00+00,854,8,BATHURST ST,REINER RD,3 m South of,Major Arterial,North York,6,32,43.752307,-79.437686,Intersection,At Intersection,Stop Sign,Clear,Daylight,Dry,Non-Fatal Injury,Turning Movement,Driver,75 to 79,Minimal,<Null>,North,"Automobile, Station Wagon",Going Ahead,Driving Properly,Normal,<Null>,<Null>,<Null>,<Null>,<Null>,<Null>,<Null>,<Null>,Yes,<Null>,<Null>,<Null>,<Null>,Yes,Yes,Yes,<Null>,<Null>,<Null>,D32,38,Lansing-Westgate (38),13290,38
-8842962.755,5427190.791,80886063,7001050075,2017,2017/06/13 04:00:00+00,854,8,BATHURST ST,REINER RD,3 m South of,Major Arterial,North York,6,32,43.752307,-79.437686,Intersection,At Intersection,Stop Sign,Clear,Daylight,Dry,Non-Fatal Injury,Turning Movement,Driver,20 to 24,None,<Null>,North,"Automobile, Station Wagon",Going Ahead,Driving Properly,Normal,<Null>,<Null>,<Null>,<Null>,<Null>,<Null>,<Null>,<Null>,Yes,<Null>,<Null>,<Null>,<Null>,Yes,Yes,Yes,<Null>,<Null>,<Null>,D32,38,Lansing-Westgate (38),13291,38
-8842962.755,5427190.791,80886064,7001050075,2017,2017/06/13 04:00:00+00,854,8,BATHURST ST,REINER RD,3 m South of,Major Arterial,North York,6,32,43.752307,-79.437686,Intersection,At Intersection,Stop Sign,Clear,Daylight,Dry,Non-Fatal Injury,Turning Movement,Driver,45 to 49,Minimal,<Null>,North,Delivery Van,Going Ahead,Exceeding Speed Limit,Normal,<Null>,<Null>,<Null>,<Null>,<Null>,<Null>,<Null>,<Null>,Yes,<Null>,<Null>,<Null>,<Null>,Yes,Yes,Yes,<Null>,<Null>,<Null>,D32,38,Lansing-Westgate (38),13292,38
-8842962.755,5427190.791,80886065,7001050075,2017,2017/06/13 04:00:00+00,854,8,BATHURST ST,REINER RD,3 m South of,Major Arterial,North York,6,32,43.752307,-79.437686,Intersection,At Intersection,Stop Sign,Clear,Daylight,Dry,Non-Fatal Injury,Turning Movement,Driver,65 to 69,Major,<Null>,East,"Automobile, Station Wagon",Turning Left,Failed to Yield Right of Way,Unknown,<Null>,<Null>,<Null>,<Null>,<Null>,<Null>,<Null>,<Null>,Yes,<Null>,<Null>,<Null>,<Null>,Yes,Yes,Yes,<Null>,<Null>,<Null>,D32,38,Lansing-Westgate (38),13293,38
-8855347.271,5411242.905,80786664,7001052622,2017,2017/06/13 04:00:00+00,1505,15,BURNHAMTHORPE RD,MARTIN GROVE RD,25 m West of,Major Arterial,Etobicoke York,2,22,43.648734,-79.548938,Mid-Block,Intersection Related,No Control,Clear,Daylight,Dry,Non-Fatal Injury,Rear End,Motorcycle Driver,20 to 24,Major,<Null>,West,Motorcycle,Going Ahead,Other,Inattentive,<Null>,<Null>,<Null>,<Null>,<Null>,<Null>,<Null>,<Null>,Yes,Yes,<Null>,<Null>,<Null>,Yes,<Null>,<Null>,<Null>,<Null>,<Null>,D22,14,Islington-City Centre West (14),13294,14
-8855347.271,5411242.905,80786665,7001052622,2017,2017/06/13 04:00:00+00,1505,15,BURNHAMTHORPE RD,MARTIN GROVE RD,25 m West of,Major Arterial,Etobicoke York,2,22,43.648734,-79.548938,Mid-Block,Intersection Related,No Control,Clear,Daylight,Dry,Non-Fatal Injury,Rear End,Driver,60 to 64,None,<Null>,West,"Automobile, Station Wagon",Stopped,Driving Properly,Normal,<Null>,<Null>,<Null>,<Null>,<Null>,<Null>,<Null>,<Null>,Yes,Yes,<Null>,<Null>,<Null>,Yes,<Null>,<Null>,<Null>,<Null>,<Null>,D22,14,Islington-City Centre West (14),13295,14
-8855347.271,5411242.905,80786666,7001052622,2017,2017/06/13 04:00:00+00,1505,15,BURNHAMTHORPE RD,MARTIN GROVE RD,25 m West of,Major Arterial,Etobicoke York,2,22,43.648734,-79.548938,Mid-Block,Intersection Related,No Control,Clear,Daylight,Dry,Non-Fatal Injury,Rear End,Passenger,70 to 74,None,<Null>,<Null>,<Null>,<Null>,<Null>,<Null>,<Null>,<Null>,<Null>,<Null>,<Null>,<Null>,<Null>,<Null>,Yes,Yes,<Null>,<Null>,<Null>,Yes,<Null>,<Null>,<Null>,<Null>,<Null>,D22,14,Islington-City Centre West (14),13296,14
-8820964.243,5433542.017,80756921,7001052989,2017,2017/06/13 04:00:00+00,1606,16,5085 SHEPPARD AVE E,<Null>,<Null>,Major Arterial,Scarborough,23,42,43.793505,-79.24007,Mid-Block,Non Intersection,No Control,Clear,Daylight,Dry,Fatal,Turning Movement,Driver,25 to 29,Minimal,<Null>,West,"Automobile, Station Wagon",Turning Left,Improper Turn,Normal,<Null>,<Null>,<Null>,<Null>,<Null>,<Null>,<Null>,<Null>,Yes,<Null>,<Null>,<Null>,<Null>,Yes,<Null>,<Null>,<Null>,<Null>,<Null>,D42,128,Agincourt South-Malvern West (128),13297,128
-8820964.243,5433542.017,80756967,7001052989,2017,2017/06/13 04:00:00+00,1606,16,5085 SHEPPARD AVE E,<Null>,<Null>,Major Arterial,Scarborough,23,42,43.793505,-79.24007,Mid-Block,Non Intersection,No Control,Clear,Daylight,Dry,Fatal,Turning Movement,Passenger,40 to 44,Major,<Null>,<Null>,<Null>,<Null>,<Null>,<Null>,<Null>,<Null>,<Null>,<Null>,<Null>,<Null>,<Null>,<Null>,Yes,<Null>,<Null>,<Null>,<Null>,Yes,<Null>,<Null>,<Null>,<Null>,<Null>,D42,128,Agincourt South-Malvern West (128),13298,128
-8820964.243,5433542.017,80756969,7001052989,2017,2017/06/13 04:00:00+00,1606,16,5085 SHEPPARD AVE E,<Null>,<Null>,Major Arterial,Scarborough,23,42,43.793505,-79.24007,Mid-Block,Non Intersection,No Control,Clear,Daylight,Dry,Fatal,Turning Movement,Passenger,0 to 4,Fatal,27,<Null>,<Null>,<Null>,<Null>,<Null>,<Null>,<Null>,<Null>,<Null>,<Null>,<Null>,<Null>,<Null>,Yes,<Null>,<Null>,<Null>,<Null>,Yes,<Null>,<Null>,<Null>,<Null>,<Null>,D42,128,Agincourt South-Malvern West (128),13299,128
-8820964.243,5433542.017,80756970,7001052989,2017,2017/06/13 04:00:00+00,1606,16,5085 SHEPPARD AVE E,<Null>,<Null>,Major Arterial,Scarborough,23,42,43.793505,-79.24007,Mid-Block,Non Intersection,No Control,Clear,Daylight,Dry,Fatal,Turning Movement,Driver,55 to 59,Minimal,<Null>,East,"Automobile, Station Wagon",Going Ahead,Driving Properly,Normal,<Null>,<Null>,<Null>,<Null>,<Null>,<Null>,<Null>,<Null>,Yes,<Null>,<Null>,<Null>,<Null>,Yes,<Null>,<Null>,<Null>,<Null>,<Null>,D42,128,Agincourt South-Malvern West (128),13300,128
-8832867.97,5430694.077,80771399,7001053469,2017,2017/06/13 04:00:00+00,1719,17,SHEPPARD AVE E,DON MILLS RD,1 m West of,Major Arterial,North York,17,33,43.775035,-79.347003,Intersection,At Intersection,Traffic Controller,Clear,Daylight,Dry,Non-Fatal Injury,Rear End,Driver,70 to 74,Major,<Null>,East,"Automobile, Station Wagon",Going Ahead,Other,Medical or Physical Disability,<Null>,<Null>,<Null>,<Null>,<Null>,<Null>,<Null>,<Null>,Yes,<Null>,<Null>,<Null>,<Null>,Yes,<Null>,<Null>,<Null>,<Null>,Yes,D33,53,Henry Farm (53),13301,53
-8832867.97,5430694.077,80771400,7001053469,2017,2017/06/13 04:00:00+00,1719,17,SHEPPARD AVE E,DON MILLS RD,1 m West of,Major Arterial,North York,17,33,43.775035,-79.347003,Intersection,At Intersection,Traffic Controller,Clear,Daylight,Dry,Non-Fatal Injury,Rear End,Driver,25 to 29,None,<Null>,East,"Automobile, Station Wagon",Stopped,Driving Properly,Normal,<Null>,<Null>,<Null>,<Null>,<Null>,<Null>,<Null>,<Null>,Yes,<Null>,<Null>,<Null>,<Null>,Yes,<Null>,<Null>,<Null>,<Null>,Yes,D33,53,Henry Farm (53),13302,53
-8832867.97,5430694.077,80771401,7001053469,2017,2017/06/13 04:00:00+00,1719,17,SHEPPARD AVE E,DON MILLS RD,1 m West of,Major Arterial,North York,17,33,43.775035,-79.347003,Intersection,At Intersection,Traffic Controller,Clear,Daylight,Dry,Non-Fatal Injury,Rear End,Driver,25 to 29,None,<Null>,East,"Automobile, Station Wagon",Stopped,Driving Properly,Normal,<Null>,<Null>,<Null>,<Null>,<Null>,<Null>,<Null>,<Null>,Yes,<Null>,<Null>,<Null>,<Null>,Yes,<Null>,<Null>,<Null>,<Null>,Yes,D33,53,Henry Farm (53),13303,53
-8832867.97,5430694.077,80771402,7001053469,2017,2017/06/13 04:00:00+00,1719,17,SHEPPARD AVE E,DON MILLS RD,1 m West of,Major Arterial,North York,17,33,43.775035,-79.347003,Intersection,At Intersection,Traffic Controller,Clear,Daylight,Dry,Non-Fatal Injury,Rear End,Passenger,25 to 29,None,<Null>,<Null>,<Null>,<Null>,<Null>,<Null>,<Null>,<Null>,<Null>,<Null>,<Null>,<Null>,<Null>,<Null>,Yes,<Null>,<Null>,<Null>,<Null>,Yes,<Null>,<Null>,<Null>,<Null>,Yes,D33,53,Henry Farm (53),13304,53
-8831003.814,5423015.961,80771452,7001054440,2017,2017/06/13 04:00:00+00,2001,20,DON VALLEY PARKWAY  N,EGLINTON AVE E,80 m North of,<Null>,North York,16,33,43.725211,-79.330257,Mid-Block,Non Intersection,No Control,Clear,Daylight,Dry,Non-Fatal Injury,Sideswipe,Motorcycle Driver,25 to 29,Major,<Null>,North,Motorcycle,Changing Lanes,Lost control,Normal,<Null>,<Null>,<Null>,<Null>,<Null>,<Null>,<Null>,<Null>,Yes,Yes,<Null>,<Null>,<Null>,<Null>,<Null>,Yes,<Null>,<Null>,<Null>,D33,42,Banbury-Don Mills (42),13305,42
-8831003.814,5423015.961,80771453,7001054440,2017,2017/06/13 04:00:00+00,2001,20,DON VALLEY PARKWAY  N,EGLINTON AVE E,80 m North of,<Null>,North York,16,33,43.725211,-79.330257,Mid-Block,Non Intersection,No Control,Clear,Daylight,Dry,Non-Fatal Injury,Sideswipe,Driver,20 to 24,None,<Null>,North,"Automobile, Station Wagon",Going Ahead,Driving Properly,Normal,<Null>,<Null>,<Null>,<Null>,<Null>,<Null>,<Null>,<Null>,Yes,Yes,<Null>,<Null>,<Null>,<Null>,<Null>,Yes,<Null>,<Null>,<Null>,D33,42,Banbury-Don Mills (42),13306,42
-8831003.814,5423015.961,80771454,7001054440,2017,2017/06/13 04:00:00+00,2001,20,DON VALLEY PARKWAY  N,EGLINTON AVE E,80 m North of,<Null>,North York,16,33,43.725211,-79.330257,Mid-Block,Non Intersection,No Control,Clear,Daylight,Dry,Non-Fatal Injury,Sideswipe,Driver,25 to 29,None,<Null>,North,"Automobile, Station Wagon",Going Ahead,Driving Properly,Normal,<Null>,<Null>,<Null>,<Null>,<Null>,<Null>,<Null>,<Null>,Yes,Yes,<Null>,<Null>,<Null>,<Null>,<Null>,Yes,<Null>,<Null>,<Null>,D33,42,Banbury-Don Mills (42),13307,42
-8816528.272,5437461.494,80771578,7001065894,2017,2017/06/15 04:00:00+00,1200,12,MORNINGVIEW TRL,BLACKHURST CRT,3 m South of,Local,Scarborough,25,42,43.818915,-79.200221,Intersection,Intersection Related,No Control,Clear,Daylight,Dry,Non-Fatal Injury,Pedestrian Collisions,Driver,65 to 69,None,<Null>,North,Municipal Transit Bus (TTC),Going Ahead,Driving Properly,Normal,<Null>,<Null>,<Null>,<Null>,<Null>,<Null>,Yes,<Null>,<Null>,<Null>,<Null>,Yes,<Null>,<Null>,<Null>,<Null>,<Null>,<Null>,<Null>,D42,131,Rouge (131),13308,131
-8816528.272,5437461.494,80771579,7001065894,2017,2017/06/15 04:00:00+00,1200,12,MORNINGVIEW TRL,BLACKHURST CRT,3 m South of,Local,Scarborough,25,42,43.818915,-79.200221,Intersection,Intersection Related,No Control,Clear,Daylight,Dry,Non-Fatal Injury,Pedestrian Collisions,Pedestrian,50 to 54,Major,<Null>,West,<Null>,<Null>,<Null>,<Null>,Pedestrian involved in a collision with transit vehicle anywhere along roadway,Coming From Behind Parked Vehicle,Normal,<Null>,<Null>,<Null>,Yes,<Null>,<Null>,<Null>,<Null>,Yes,<Null>,<Null>,<Null>,<Null>,<Null>,<Null>,<Null>,D42,131,Rouge (131),13309,131
-8831798.746,5412189.557,80771676,7001069873,2017,2017/06/16 04:00:00+00,21,0,LAKE SHORE BLVD E,CARLAW AVE,<Null>,Major Arterial,Toronto and East York,14,55,43.654887,-79.337398,Intersection,At Intersection,Traffic Signal,Clear,"Dark, artificial",Dry,Non-Fatal Injury,Turning Movement,Driver,35 to 39,None,<Null>,East,"Automobile, Station Wagon",Turning Left,Improper Turn,Normal,<Null>,<Null>,<Null>,<Null>,<Null>,<Null>,<Null>,<Null>,Yes,Yes,<Null>,<Null>,<Null>,Yes,<Null>,<Null>,<Null>,<Null>,<Null>,D55,70,South Riverdale (70),13310,70
-8831798.746,5412189.557,80771677,7001069873,2017,2017/06/16 04:00:00+00,21,0,LAKE SHORE BLVD E,CARLAW AVE,<Null>,Major Arterial,Toronto and East York,14,55,43.654887,-79.337398,Intersection,At Intersection,Traffic Signal,Clear,"Dark, artificial",Dry,Non-Fatal Injury,Turning Movement,Motorcycle Driver,25 to 29,Major,<Null>,West,Motorcycle,Going Ahead,Driving Properly,Normal,<Null>,<Null>,<Null>,<Null>,<Null>,<Null>,<Null>,<Null>,Yes,Yes,<Null>,<Null>,<Null>,Yes,<Null>,<Null>,<Null>,<Null>,<Null>,D55,70,South Riverdale (70),13311,70
-8831798.746,5412189.557,80771678,7001069873,2017,2017/06/16 04:00:00+00,21,0,LAKE SHORE BLVD E,CARLAW AVE,<Null>,Major Arterial,Toronto and East York,14,55,43.654887,-79.337398,Intersection,At Intersection,Traffic Signal,Clear,"Dark, artificial",Dry,Non-Fatal Injury,Turning Movement,Motorcycle Passenger,25 to 29,Major,<Null>,<Null>,<Null>,<Null>,<Null>,<Null>,<Null>,<Null>,<Null>,<Null>,<Null>,<Null>,<Null>,<Null>,Yes,Yes,<Null>,<Null>,<Null>,Yes,<Null>,<Null>,<Null>,<Null>,<Null>,D55,70,South Riverdale (70),13312,70
-8844273.208,5418153.563,80771724,7001074054,2017,2017/06/16 04:00:00+00,1513,15,DUFFERIN ST,HUNTER AVE,200 m South of,Major Arterial,Toronto and East York,"9,12",13,43.693637,-79.449458,Mid-Block,Non Intersection,No Control,Clear,Daylight,Dry,Non-Fatal Injury,Rear End,Driver,55 to 59,None,<Null>,North,Pick Up Truck,Going Ahead,Following too Close,Inattentive,<Null>,<Null>,<Null>,<Null>,<Null>,<Null>,<Null>,<Null>,Yes,<Null>,<Null>,<Null>,<Null>,Yes,<Null>,Yes,<Null>,<Null>,<Null>,D13,107,Oakwood Village (107),13313,107
-8844273.208,5418153.563,80771725,7001074054,2017,2017/06/16 04:00:00+00,1513,15,DUFFERIN ST,HUNTER AVE,200 m South of,Major Arterial,Toronto and East York,"9,12",13,43.693637,-79.449458,Mid-Block,Non Intersection,No Control,Clear,Daylight,Dry,Non-Fatal Injury,Rear End,Driver,40 to 44,Major,<Null>,North,"Automobile, Station Wagon",Stopped,Driving Properly,Normal,<Null>,<Null>,<Null>,<Null>,<Null>,<Null>,<Null>,<Null>,Yes,<Null>,<Null>,<Null>,<Null>,Yes,<Null>,Yes,<Null>,<Null>,<Null>,D13,107,Oakwood Village (107),13314,107
-8844273.208,5418153.563,80771726,7001074054,2017,2017/06/16 04:00:00+00,1513,15,DUFFERIN ST,HUNTER AVE,200 m South of,Major Arterial,Toronto and East York,"9,12",13,43.693637,-79.449458,Mid-Block,Non Intersection,No Control,Clear,Daylight,Dry,Non-Fatal Injury,Rear End,Passenger,15 to 19,Minor,<Null>,<Null>,<Null>,<Null>,<Null>,<Null>,<Null>,<Null>,<Null>,<Null>,<Null>,<Null>,<Null>,<Null>,Yes,<Null>,<Null>,<Null>,<Null>,Yes,<Null>,Yes,<Null>,<Null>,<Null>,D13,107,Oakwood Village (107),13315,107
-8836366.296,5411489.367,80933880,7001075427,2017,2017/06/16 04:00:00+00,1820,18,YONGE  ST,ADELAIDE ST W,12 m South of,Major Arterial,Toronto and East York,13,"51,52",43.650336,-79.378429,Intersection,Intersection Related,No Control,Clear,Daylight,Dry,Non-Fatal Injury,Sideswipe,Driver,30 to 34,Minimal,<Null>,South,"Automobile, Station Wagon",Going Ahead,Driving Properly,Inattentive,<Null>,<Null>,<Null>,<Null>,<Null>,<Null>,<Null>,<Null>,Yes,<Null>,Yes,<Null>,<Null>,<Null>,<Null>,<Null>,<Null>,<Null>,<Null>,D51,75,Church-Yonge Corridor (75),13316,75
-8836366.296,5411489.367,80933881,7001075427,2017,2017/06/16 04:00:00+00,1820,18,YONGE  ST,ADELAIDE ST W,12 m South of,Major Arterial,Toronto and East York,13,"51,52",43.650336,-79.378429,Intersection,Intersection Related,No Control,Clear,Daylight,Dry,Non-Fatal Injury,Sideswipe,Truck Driver,35 to 39,Major,<Null>,South,"Truck - Closed (Blazer, etc)",Changing Lanes,Improper Lane Change,Normal,<Null>,<Null>,<Null>,<Null>,<Null>,<Null>,<Null>,<Null>,Yes,<Null>,Yes,<Null>,<Null>,<Null>,<Null>,<Null>,<Null>,<Null>,<Null>,D51,75,Church-Yonge Corridor (75),13317,75
-8860828.643,5426839.118,80770849,7001076312,2017,2017/06/16 04:00:00+00,2101,21,MARTIN GROVE RD,SILVERSTONE DR,101 m South of,Minor Arterial,Etobicoke York,1,23,43.750025,-79.598178,Mid-Block,Non Intersection,No Control,Rain,"Dark, artificial",Wet,Non-Fatal Injury,Pedestrian Collisions,Driver,70 to 74,None,<Null>,South,"Automobile, Station Wagon",Going Ahead,Driving Properly,Normal,<Null>,<Null>,<Null>,<Null>,<Null>,<Null>,Yes,<Null>,Yes,<Null>,<Null>,<Null>,<Null>,<Null>,<Null>,<Null>,<Null>,<Null>,<Null>,D23,2,Mount Olive-Silverstone-Jamestown (2),13318,2
-8860828.643,5426839.118,80770850,7001076312,2017,2017/06/16 04:00:00+00,2101,21,MARTIN GROVE RD,SILVERSTONE DR,101 m South of,Minor Arterial,Etobicoke York,1,23,43.750025,-79.598178,Mid-Block,Non Intersection,No Control,Rain,"Dark, artificial",Wet,Non-Fatal Injury,Pedestrian Collisions,Pedestrian,10 to 14,Major,<Null>,East,<Null>,<Null>,<Null>,<Null>,Pedestrian hit at mid-block,"Crossing, no Traffic Control",Medical or Physical Disability,<Null>,<Null>,<Null>,Yes,<Null>,Yes,<Null>,<Null>,<Null>,<Null>,<Null>,<Null>,<Null>,<Null>,<Null>,<Null>,D23,2,Mount Olive-Silverstone-Jamestown (2),13319,2
-8820272.058,5431717.353,80770311,7001094601,2017,2017/06/19 04:00:00+00,1543,15,MARKHAM RD,PROGRESS AVE,<Null>,Major Arterial,Scarborough,24,43,43.781672,-79.233852,Intersection,At Intersection,Traffic Signal,Clear,Daylight,Dry,Non-Fatal Injury,Turning Movement,Motorcycle Driver,20 to 24,Major,<Null>,South,Motorcycle,Turning Left,Improper Turn,Inattentive,<Null>,<Null>,<Null>,<Null>,<Null>,<Null>,<Null>,<Null>,Yes,Yes,<Null>,<Null>,<Null>,<Null>,<Null>,<Null>,<Null>,<Null>,<Null>,D43,137,Woburn (137),13320,137
-8820272.058,5431717.353,80770312,7001094601,2017,2017/06/19 04:00:00+00,1543,15,MARKHAM RD,PROGRESS AVE,<Null>,Major Arterial,Scarborough,24,43,43.781672,-79.233852,Intersection,At Intersection,Traffic Signal,Clear,Daylight,Dry,Non-Fatal Injury,Turning Movement,Driver,55 to 59,None,<Null>,North,"Automobile, Station Wagon",Going Ahead,Driving Properly,Normal,<Null>,<Null>,<Null>,<Null>,<Null>,<Null>,<Null>,<Null>,Yes,Yes,<Null>,<Null>,<Null>,<Null>,<Null>,<Null>,<Null>,<Null>,<Null>,D43,137,Woburn (137),13321,137
-8820272.058,5431717.353,80770313,7001094601,2017,2017/06/19 04:00:00+00,1543,15,MARKHAM RD,PROGRESS AVE,<Null>,Major Arterial,Scarborough,24,43,43.781672,-79.233852,Intersection,At Intersection,Traffic Signal,Clear,Daylight,Dry,Non-Fatal Injury,Turning Movement,Other,unknown,None,<Null>,<Null>,<Null>,<Null>,<Null>,<Null>,<Null>,<Null>,<Null>,<Null>,<Null>,<Null>,<Null>,<Null>,Yes,Yes,<Null>,<Null>,<Null>,<Null>,<Null>,<Null>,<Null>,<Null>,<Null>,D43,137,Woburn (137),13322,137
-8840635.733,5432213.229,80770536,7001100297,2017,2017/06/20 04:00:00+00,1227,12,5799 YONGE ST,<Null>,2 m East of,Major Arterial,North York,18,32,43.784888,-79.416782,Mid-Block,At/Near Private Drive,Stop Sign,Clear,Daylight,Dry,Non-Fatal Injury,Pedestrian Collisions,Driver,65 to 69,None,<Null>,West,"Automobile, Station Wagon",Turning Right,Failed to Yield Right of Way,Normal,<Null>,<Null>,<Null>,<Null>,<Null>,<Null>,Yes,<Null>,Yes,<Null>,<Null>,<Null>,<Null>,<Null>,<Null>,Yes,<Null>,<Null>,<Null>,D32,50,Newtonbrook East (50),13323,50
-8840635.733,5432213.229,80770537,7001100297,2017,2017/06/20 04:00:00+00,1227,12,5799 YONGE ST,<Null>,2 m East of,Major Arterial,North York,18,32,43.784888,-79.416782,Mid-Block,At/Near Private Drive,Stop Sign,Clear,Daylight,Dry,Non-Fatal Injury,Pedestrian Collisions,Pedestrian,70 to 74,Major,<Null>,South,<Null>,<Null>,<Null>,<Null>,Pedestrian hit at private driveway,On Sidewalk or Shoulder,Normal,<Null>,<Null>,<Null>,Yes,<Null>,Yes,<Null>,<Null>,<Null>,<Null>,<Null>,<Null>,Yes,<Null>,<Null>,<Null>,D32,50,Newtonbrook East (50),13324,50
-8837370.955,5411529.213,80770541,7001101719,2017,2017/06/20 04:00:00+00,1550,15,SIMCOE ST,QUEEN ST W,7 m North of,Major Arterial,Toronto and East York,10,52,43.650595,-79.387454,Intersection,Laneway,No Control,Clear,Daylight,Dry,Non-Fatal Injury,Pedestrian Collisions,Driver,50 to 54,None,<Null>,West,"Automobile, Station Wagon",Turning Right,Driving Properly,Normal,<Null>,<Null>,<Null>,<Null>,<Null>,<Null>,Yes,<Null>,Yes,<Null>,<Null>,<Null>,<Null>,<Null>,<Null>,<Null>,<Null>,<Null>,<Null>,D52,76,Bay Street Corridor (76),13325,76
-8837370.955,5411529.213,80770542,7001101719,2017,2017/06/20 04:00:00+00,1550,15,SIMCOE ST,QUEEN ST W,7 m North of,Major Arterial,Toronto and East York,10,52,43.650595,-79.387454,Intersection,Laneway,No Control,Clear,Daylight,Dry,Non-Fatal Injury,Pedestrian Collisions,Pedestrian,55 to 59,Major,<Null>,Unknown,<Null>,<Null>,<Null>,<Null>,Other / Undefined,Other,Other,<Null>,<Null>,<Null>,Yes,<Null>,Yes,<Null>,<Null>,<Null>,<Null>,<Null>,<Null>,<Null>,<Null>,<Null>,<Null>,D52,76,Bay Street Corridor (76),13326,76
-8840822.527,5422458.351,80769755,7001109368,2017,2017/06/21 04:00:00+00,1700,17,LAWRENCE AVE W,KIMBARK BLVD,12 m West of,Major Arterial,North York,8,"53,32",43.721591,-79.41846,Intersection,At Intersection,No Control,Clear,Daylight,Dry,Non-Fatal Injury,SMV Other,Driver,60 to 64,Major,<Null>,East,"Automobile, Station Wagon",Going Ahead,Lost control,Other,<Null>,<Null>,<Null>,<Null>,<Null>,<Null>,<Null>,<Null>,Yes,<Null>,<Null>,<Null>,<Null>,Yes,<Null>,<Null>,<Null>,<Null>,<Null>,D53,39,Bedford Park-Nortown (39),13327,39