X,Y,INDEX_,ACCNUM,YEAR,DATE,TIME,HOUR,STREET1,STREET2,OFFSET,ROAD_CLASS,DISTRICT,WARDNUM,DIVISION,LATITUDE,LONGITUDE,LOCCOORD,ACCLOC,TRAFFCTL,VISIBILITY,LIGHT,RDSFCOND,ACCLASS,IMPACTYPE,INVTYPE,INVAGE,INJURY,FATAL_NO,INITDIR,VEHTYPE,MANOEUVER,DRIVACT,DRIVCOND,PEDTYPE,PEDACT,PEDCOND,CYCLISTYPE,CYCACT,CYCCOND,PEDESTRIAN,CYCLIST,AUTOMOBILE,MOTORCYCLE,TRUCK,TRSN_CITY_VEH,EMERG_VEH,PASSENGER,SPEEDING,AG_DRIV,REDLIGHT,ALCOHOL,DISABILITY,POLICE_DIVISION,HOOD_ID,NEIGHBOURHOOD,ObjectId,VEHICLES_IN_STREET
-8840822.527,5422458.351,80769756,7001109368,2017,2017/06/21 04:00:00+00,1700,17,LAWRENCE AVE W,KIMBARK BLVD,12 m West of,Major Arterial,North York,8,"53,32",43.721591,-79.41846,Intersection,At Intersection,No Control,Clear,Daylight,Dry,Non-Fatal Injury,SMV Other,Passenger,60 to 64,None,<Null>,<Null>,<Null>,<Null>,<Null>,<Null>,<Null>,<Null>,<Null>,<Null>,<Null>,<Null>,<Null>,<Null>,Yes,<Null>,<Null>,<Null>,<Null>,Yes,<Null>,<Null>,<Null>,<Null>,<Null>,D53,39,Bedford Park-Nortown (39),13328,39
-8837571.441,5414744.758,80770341,7001122471,2017,2017/06/23 04:00:00+00,1510,15,YORKVILLE AVE,YONGE ST,65 m West of,Collector,Toronto and East York,11,53,43.671492,-79.389255,Mid-Block,Non Intersection,No Control,Clear,Daylight,Dry,Non-Fatal Injury,Pedestrian Collisions,Driver,45 to 49,None,<Null>,West,"Automobile, Station Wagon",Reversing,Driving Properly,Inattentive,<Null>,<Null>,<Null>,<Null>,<Null>,<Null>,Yes,<Null>,Yes,<Null>,<Null>,<Null>,<Null>,Yes,<Null>,<Null>,<Null>,<Null>,<Null>,D53,95,Annex (95),13329,95
-8837571.441,5414744.758,80770396,7001122471,2017,2017/06/23 04:00:00+00,1510,15,YORKVILLE AVE,YONGE ST,65 m West of,Collector,Toronto and East York,11,53,43.671492,-79.389255,Mid-Block,Non Intersection,No Control,Clear,Daylight,Dry,Non-Fatal Injury,Pedestrian Collisions,Passenger,10 to 14,None,<Null>,<Null>,<Null>,<Null>,<Null>,<Null>,<Null>,<Null>,<Null>,<Null>,<Null>,<Null>,Yes,<Null>,Yes,<Null>,<Null>,<Null>,<Null>,Yes,<Null>,<Null>,<Null>,<Null>,<Null>,D53,95,Annex (95),13330,95
-8837571.441,5414744.758,80770397,7001122471,2017,2017/06/23 04:00:00+00,1510,15,YORKVILLE AVE,YONGE ST,65 m West of,Collector,Toronto and East York,11,53,43.671492,-79.389255,Mid-Block,Non Intersection,No Control,Clear,Daylight,Dry,Non-Fatal Injury,Pedestrian Collisions,Pedestrian,85 to 89,Major,<Null>,South,<Null>,<Null>,<Null>,<Null>,Vehicle is reversing and hits pedestrian,"Crossing, no Traffic Control",Inattentive,<Null>,<Null>,<Null>,Yes,<Null>,Yes,<Null>,<Null>,<Null>,<Null>,Yes,<Null>,<Null>,<Null>,<Null>,<Null>,D53,95,Annex (95),13331,95
-8836643.148,5413845.395,80900116,7001140517,2017,2017/06/26 04:00:00+00,1045,10,WELLESLEY ST E,CHURCH ST,<Null>,Minor Arterial,Toronto and East York,13,51,43.665648,-79.380916,Intersection,At Intersection,Traffic Signal,Clear,Daylight,Dry,Non-Fatal Injury,Pedestrian Collisions,Pedestrian,70 to 74,Major,<Null>,East,<Null>,<Null>,<Null>,<Null>,Vehicle turns right while ped crosses with ROW at inter.,Crossing with right of way,Normal,<Null>,<Null>,<Null>,Yes,<Null>,<Null>,<Null>,Yes,<Null>,<Null>,<Null>,<Null>,Yes,<Null>,<Null>,<Null>,D51,75,Church-Yonge Corridor (75),13332,75
-8836643.148,5413845.395,80900117,7001140517,2017,2017/06/26 04:00:00+00,1045,10,WELLESLEY ST E,CHURCH ST,<Null>,Minor Arterial,Toronto and East York,13,51,43.665648,-79.380916,Intersection,At Intersection,Traffic Signal,Clear,Daylight,Dry,Non-Fatal Injury,Pedestrian Collisions,Truck Driver,55 to 59,None,<Null>,East,Truck-Tractor,Turning Right,Failed to Yield Right of Way,Normal,<Null>,<Null>,<Null>,<Null>,<Null>,<Null>,Yes,<Null>,<Null>,<Null>,Yes,<Null>,<Null>,<Null>,<Null>,Yes,<Null>,<Null>,<Null>,D51,75,Church-Yonge Corridor (75),13333,75
-8838964.271,5417055.281,81130046,7001155336,2017,2017/06/28 04:00:00+00,1155,11,ST CLAIR AVE W,AVENUE RD,29 m West of,Major Arterial,North York,12,53,43.686503,-79.401767,Mid-Block,Non Intersection,No Control,Clear,Daylight,Dry,Non-Fatal Injury,Pedestrian Collisions,Driver,25 to 29,None,<Null>,East,Street Car,Going Ahead,Driving Properly,Normal,<Null>,<Null>,<Null>,<Null>,<Null>,<Null>,Yes,<Null>,<Null>,<Null>,<Null>,Yes,<Null>,<Null>,<Null>,<Null>,<Null>,<Null>,<Null>,D53,96,Casa Loma (96),13334,96
-8838964.271,5417055.281,81130047,7001155336,2017,2017/06/28 04:00:00+00,1155,11,ST CLAIR AVE W,AVENUE RD,29 m West of,Major Arterial,North York,12,53,43.686503,-79.401767,Mid-Block,Non Intersection,No Control,Clear,Daylight,Dry,Non-Fatal Injury,Pedestrian Collisions,Pedestrian,75 to 79,Major,<Null>,North,<Null>,<Null>,<Null>,<Null>,Pedestrian involved in a collision with transit vehicle anywhere along roadway,Running onto Roadway,Medical or Physical Disability,<Null>,<Null>,<Null>,Yes,<Null>,<Null>,<Null>,<Null>,Yes,<Null>,<Null>,<Null>,<Null>,<Null>,<Null>,<Null>,D53,96,Casa Loma (96),13335,96
-8823532.495,5438123.697,80770429,7001157436,2017,2017/06/28 04:00:00+00,1648,16,MIDDELFIELD ROAD,PEBBLEWOOD AVENUE,<Null>,Minor Arterial,Scarborough,23,42,43.823207,-79.263141,Intersection,At Intersection,No Control,Clear,Daylight,Dry,Non-Fatal Injury,Pedestrian Collisions,Driver,65 to 69,None,<Null>,North,"Automobile, Station Wagon",Going Ahead,Driving Properly,Normal,<Null>,<Null>,<Null>,<Null>,<Null>,<Null>,Yes,<Null>,Yes,<Null>,<Null>,<Null>,<Null>,<Null>,<Null>,<Null>,<Null>,<Null>,<Null>,D42,130,Milliken (130),13336,130
-8851420.922,5427469.427,80904952,7000224611,2017,2017/02/05 05:00:00+00,1330,13,DRIFTWOOD  AVE,VENETIAN  CRES,19 m South of,Collector,Etobicoke York,7,31,43.754115,-79.513667,Intersection,Intersection Related,Stop Sign,Drifting Snow,Daylight,Wet,Non-Fatal Injury,Turning Movement,Passenger,55 to 59,Major,<Null>,<Null>,<Null>,<Null>,<Null>,<Null>,<Null>,<Null>,<Null>,<Null>,<Null>,<Null>,<Null>,<Null>,Yes,<Null>,<Null>,<Null>,<Null>,Yes,Yes,Yes,<Null>,<Null>,<Null>,D31,25,Glenfield-Jane Heights (25),13337,25
-8841469.738,5412741.316,80888101,7001559045,2017,2017/08/28 04:00:00+00,1845,18,OSSINGTON  AVE,HARBORD ST,30 m North of,Minor Arterial,Toronto and East York,"9,11",14,43.658473,-79.424274,Intersection,Intersection Related,No Control,Clear,Daylight,Dry,Non-Fatal Injury,Turning Movement,Motorcycle Driver,30 to 34,Major,<Null>,North,Motorcycle,Going Ahead,Driving Properly,Normal,<Null>,<Null>,<Null>,<Null>,<Null>,<Null>,<Null>,<Null>,Yes,Yes,<Null>,<Null>,<Null>,<Null>,<Null>,<Null>,<Null>,<Null>,<Null>,D14,80,Palmerston-Little Italy (80),13338,80
-8823822.148,5427385.897,80885803,7000787795,2017,2017/05/04 04:00:00+00,2110,21,MIDLAND AVE,TREEWOOD ST,3 m West of,Major Arterial,Scarborough,21,41,43.753573,-79.265743,Intersection,At Intersection,No Control,Rain,"Dark, artificial",Wet,Non-Fatal Injury,Approaching,Driver,65 to 69,Major,<Null>,South,"Automobile, Station Wagon",Going Ahead,Other,Medical or Physical Disability,<Null>,<Null>,<Null>,<Null>,<Null>,<Null>,<Null>,<Null>,Yes,<Null>,<Null>,<Null>,<Null>,Yes,<Null>,Yes,<Null>,<Null>,Yes,D41,127,Bendale (127),13339,127
-8838380.845,5411746.451,80779941,7001383874,2017,2017/08/01 04:00:00+00,1735,17,GRANGE AVE,LARCH ST,3 m West of,Local,Toronto and East York,10,52,43.652007,-79.396526,Intersection,At Intersection,No Control,Clear,Daylight,Dry,Non-Fatal Injury,Cyclist Collisions,Driver,60 to 64,None,<Null>,East,"Automobile, Station Wagon",Slowing or Stopping,Driving Properly,Normal,<Null>,<Null>,<Null>,<Null>,<Null>,<Null>,<Null>,Yes,Yes,<Null>,<Null>,<Null>,<Null>,<Null>,<Null>,<Null>,<Null>,<Null>,<Null>,D52,78,Kensington-Chinatown (78),13340,78
-8832332.078,5415963.748,80770490,7001157981,2017,2017/06/28 04:00:00+00,1800,18,DANFORTH AVE,WOODYCREST AVE,33 m West of,Major Arterial,Toronto and East York,14,"54,55",43.679412,-79.342189,Mid-Block,At/Near Private Drive,No Control,Clear,Daylight,Dry,Non-Fatal Injury,Cyclist Collisions,Cyclist,35 to 39,Major,<Null>,East,Bicycle,Going Ahead,<Null>,<Null>,<Null>,<Null>,<Null>,Motorist turned left across cyclists path.,Driving Properly,Normal,<Null>,Yes,Yes,<Null>,<Null>,<Null>,<Null>,Yes,<Null>,<Null>,<Null>,<Null>,<Null>,D55,69,Blake-Jones (69),13342,69
-8851420.922,5427469.427,80904953,7000224611,2017,2017/02/05 05:00:00+00,1330,13,DRIFTWOOD  AVE,VENETIAN  CRES,19 m South of,Collector,Etobicoke York,7,31,43.754115,-79.513667,Intersection,Intersection Related,Stop Sign,Drifting Snow,Daylight,Wet,Non-Fatal Injury,Turning Movement,Driver,55 to 59,Minimal,<Null>,North,"Automobile, Station Wagon",Going Ahead,Driving Properly,Normal,<Null>,<Null>,<Null>,<Null>,<Null>,<Null>,<Null>,<Null>,Yes,<Null>,<Null>,<Null>,<Null>,Yes,Yes,Yes,<Null>,<Null>,<Null>,D31,25,Glenfield-Jane Heights (25),13343,25
-8851584.005,5420065.938,80778190,7000788679,2017,2017/05/05 04:00:00+00,151,1,116 KING ST,<Null>,3 m North of,Local,Etobicoke York,5,12,43.706057,-79.515132,Mid-Block,Non Intersection,No Control,Rain,"Dark, artificial",Wet,Non-Fatal Injury,SMV Other,Passenger,25 to 29,Major,<Null>,<Null>,<Null>,<Null>,<Null>,<Null>,<Null>,<Null>,<Null>,<Null>,<Null>,<Null>,<Null>,<Null>,<Null>,<Null>,<Null>,<Null>,<Null>,Yes,<Null>,<Null>,<Null>,<Null>,<Null>,D12,113,Weston (113),13344,113
-8824104.12,5432616.764,80887678,7001386186,2017,2017/08/02 04:00:00+00,123,1,BRIMLEY RD,SHEPPARD AVE E,<Null>,Major Arterial,Scarborough,23,42,43.787505,-79.268276,Intersection,At Intersection,Traffic Signal,Clear,"Dark, artificial",Dry,Non-Fatal Injury,Turning Movement,Driver,20 to 24,None,<Null>,North,"Automobile, Station Wagon",Going Ahead,Driving Properly,Normal,<Null>,<Null>,<Null>,<Null>,<Null>,<Null>,<Null>,<Null>,Yes,<Null>,<Null>,<Null>,<Null>,<Null>,<Null>,Yes,<Null>,<Null>,<Null>,D42,128,Agincourt South-Malvern West (128),13345,128
-8841469.738,5412741.316,80888102,7001559045,2017,2017/08/28 04:00:00+00,1845,18,OSSINGTON  AVE,HARBORD ST,30 m North of,Minor Arterial,Toronto and East York,"9,11",14,43.658473,-79.424274,Intersection,Intersection Related,No Control,Clear,Daylight,Dry,Non-Fatal Injury,Turning Movement,Driver,25 to 29,None,<Null>,South,"Automobile, Station Wagon",Making U Turn,Improper Turn,Inattentive,<Null>,<Null>,<Null>,<Null>,<Null>,<Null>,<Null>,<Null>,Yes,Yes,<Null>,<Null>,<Null>,<Null>,<Null>,<Null>,<Null>,<Null>,<Null>,D14,80,Palmerston-Little Italy (80),13347,80
-8860274.049,5415493.372,80942741,7001559583,2017,2017/08/28 04:00:00+00,2010,20,RENFORTH DR,SILVER DART DR,3 m South of,Major Arterial,Etobicoke York,1,23,43.676356,-79.593196,Intersection,At Intersection,Traffic Signal,Clear,"Dark, artificial",Dry,Non-Fatal Injury,SMV Other,Driver,25 to 29,Major,<Null>,East,"Automobile, Station Wagon",Going Ahead,Lost control,Unknown,<Null>,<Null>,<Null>,<Null>,<Null>,<Null>,<Null>,<Null>,Yes,<Null>,<Null>,<Null>,<Null>,<Null>,<Null>,Yes,<Null>,<Null>,<Null>,D23,1,West Humber-Clairville (1),13350,1
-8832332.078,5415963.748,80770491,7001157981,2017,2017/06/28 04:00:00+00,1800,18,DANFORTH AVE,WOODYCREST AVE,33 m West of,Major Arterial,Toronto and East York,14,"54,55",43.679412,-79.342189,Mid-Block,At/Near Private Drive,No Control,Clear,Daylight,Dry,Non-Fatal Injury,Cyclist Collisions,Passenger,0 to 4,None,<Null>,<Null>,<Null>,<Null>,<Null>,<Null>,<Null>,<Null>,<Null>,<Null>,<Null>,<Null>,<Null>,Yes,Yes,<Null>,<Null>,<Null>,<Null>,Yes,<Null>,<Null>,<Null>,<Null>,<Null>,D55,69,Blake-Jones (69),13352,69
-8841806.034,5414858.647,80778409,7000792662,2017,2017/05/05 04:00:00+00,1616,16,WYCHCREST AVE,SHAW ST,<Null>,Collector,Toronto and East York,12,13,43.672232,-79.427295,Intersection,At Intersection,Stop Sign,Rain,Daylight,Wet,Non-Fatal Injury,SMV Other,Driver,75 to 79,Major,<Null>,West,"Automobile, Station Wagon",Going Ahead,Other,Normal,<Null>,<Null>,<Null>,<Null>,<Null>,<Null>,<Null>,<Null>,Yes,<Null>,<Null>,<Null>,<Null>,<Null>,<Null>,<Null>,<Null>,<Null>,<Null>,D13,94,Wychwood (94),13353,94
-8851420.922,5427469.427,80904954,7000224611,2017,2017/02/05 05:00:00+00,1330,13,DRIFTWOOD  AVE,VENETIAN  CRES,19 m South of,Collector,Etobicoke York,7,31,43.754115,-79.513667,Intersection,Intersection Related,Stop Sign,Drifting Snow,Daylight,Wet,Non-Fatal Injury,Turning Movement,Driver,10 to 14,None,<Null>,East,"Automobile, Station Wagon",Turning Right,Lost control,Inattentive,<Null>,<Null>,<Null>,<Null>,<Null>,<Null>,<Null>,<Null>,Yes,<Null>,<Null>,<Null>,<Null>,Yes,Yes,Yes,<Null>,<Null>,<Null>,D31,25,Glenfield-Jane Heights (25),13354,25
-8824104.12,5432616.764,80887679,7001386186,2017,2017/08/02 04:00:00+00,123,1,BRIMLEY RD,SHEPPARD AVE E,<Null>,Major Arterial,Scarborough,23,42,43.787505,-79.268276,Intersection,At Intersection,Traffic Signal,Clear,"Dark, artificial",Dry,Non-Fatal Injury,Turning Movement,Driver,55 to 59,Major,<Null>,South,"Automobile, Station Wagon",Turning Left,Improper Turn,Inattentive,<Null>,<Null>,<Null>,<Null>,<Null>,<Null>,<Null>,<Null>,Yes,<Null>,<Null>,<Null>,<Null>,<Null>,<Null>,Yes,<Null>,<Null>,<Null>,D42,128,Agincourt South-Malvern West (128),13356,128
-8817802.213,5437105.418,80741750,7000795019,2017,2017/05/05 04:00:00+00,2359,23,MORNINGSIDE AVE,SEWELLS RD,north of,Minor Arterial,Scarborough,25,42,43.816607,-79.211665,Mid-Block,Non Intersection,No Control,Clear,"Dark, artificial",<Null>,Fatal,Approaching,Driver,40 to 44,None,<Null>,South,"Automobile, Station Wagon",Going Ahead,Driving Properly,Normal,<Null>,<Null>,<Null>,<Null>,<Null>,<Null>,<Null>,<Null>,Yes,<Null>,<Null>,<Null>,<Null>,Yes,<Null>,<Null>,<Null>,<Null>,<Null>,D42,131,Rouge (131),13357,131
-8832332.078,5415963.748,80770492,7001157981,2017,2017/06/28 04:00:00+00,1800,18,DANFORTH AVE,WOODYCREST AVE,33 m West of,Major Arterial,Toronto and East York,14,"54,55",43.679412,-79.342189,Mid-Block,At/Near Private Drive,No Control,Clear,Daylight,Dry,Non-Fatal Injury,Cyclist Collisions,Passenger,0 to 4,None,<Null>,<Null>,<Null>,<Null>,<Null>,<Null>,<Null>,<Null>,<Null>,<Null>,<Null>,<Null>,<Null>,Yes,Yes,<Null>,<Null>,<Null>,<Null>,Yes,<Null>,<Null>,<Null>,<Null>,<Null>,D55,69,Blake-Jones (69),13358,69
-8833900.792,5416663.047,80734115,7000239280,2017,2017/02/07 05:00:00+00,1909,19,MORTIMER AVE,BROADVIEW AVE,42 m East of,Minor Arterial,Toronto and East York,14,54,43.683955,-79.356281,Mid-Block,Non Intersection,No Control,Rain,"Dark, artificial",Wet,Non-Fatal Injury,Pedestrian Collisions,Driver,65 to 69,None,<Null>,East,"Automobile, Station Wagon",Slowing or Stopping,Driving Properly,Normal,<Null>,<Null>,<Null>,<Null>,<Null>,<Null>,Yes,<Null>,Yes,<Null>,<Null>,<Null>,<Null>,<Null>,<Null>,<Null>,<Null>,<Null>,<Null>,D54,57,Broadview North (57),13359,57
-8862129.745,5424374.084,80895231,7001568713,2017,2017/08/30 04:00:00+00,846,8,FINCH AVE W,HUMBER COLLEGE BLVD,23 m West of,Major Arterial,Etobicoke York,1,23,43.734027,-79.609866,Mid-Block,Intersection Related,No Control,Clear,Daylight,Dry,Non-Fatal Injury,Rear End,Passenger,60 to 64,Minor,<Null>,<Null>,<Null>,<Null>,<Null>,<Null>,<Null>,<Null>,<Null>,<Null>,<Null>,<Null>,<Null>,<Null>,Yes,<Null>,<Null>,Yes,<Null>,Yes,<Null>,<Null>,<Null>,<Null>,<Null>,D23,1,West Humber-Clairville (1),13361,1
-8836418.06,5410742.924,80780054,7001406926,2017,2017/08/05 04:00:00+00,225,2,BAY ST,FRONT ST W,40 m South of,Major Arterial,Toronto and East York,10,52,43.645484,-79.378894,Mid-Block,At/Near Private Drive,No Control,Clear,"Dark, artificial",Dry,Non-Fatal Injury,Pedestrian Collisions,Driver,50 to 54,None,<Null>,North,"Automobile, Station Wagon",Going Ahead,Driving Properly,Inattentive,<Null>,<Null>,<Null>,<Null>,<Null>,<Null>,Yes,<Null>,Yes,<Null>,<Null>,<Null>,<Null>,<Null>,<Null>,<Null>,<Null>,<Null>,<Null>,D52,77,Waterfront Communities-The Island (77),13363,77
-8817802.213,5437105.418,80741753,7000795019,2017,2017/05/05 04:00:00+00,2359,23,MORNINGSIDE AVE,SEWELLS RD,north of,Minor Arterial,Scarborough,25,42,43.816607,-79.211665,Mid-Block,Non Intersection,No Control,Clear,"Dark, artificial",<Null>,Fatal,Approaching,Passenger,30 to 34,None,<Null>,<Null>,<Null>,<Null>,<Null>,<Null>,<Null>,<Null>,<Null>,<Null>,<Null>,<Null>,<Null>,<Null>,Yes,<Null>,<Null>,<Null>,<Null>,Yes,<Null>,<Null>,<Null>,<Null>,<Null>,D42,131,Rouge (131),13364,131
-8817802.213,5437105.418,80741754,7000795019,2017,2017/05/05 04:00:00+00,2359,23,MORNINGSIDE AVE,SEWELLS RD,north of,Minor Arterial,Scarborough,25,42,43.816607,-79.211665,Mid-Block,Non Intersection,No Control,Clear,"Dark, artificial",<Null>,Fatal,Approaching,Driver,60 to 64,None,<Null>,South,"Automobile, Station Wagon",Going Ahead,Driving Properly,Normal,<Null>,<Null>,<Null>,<Null>,<Null>,<Null>,<Null>,<Null>,Yes,<Null>,<Null>,<Null>,<Null>,Yes,<Null>,<Null>,<Null>,<Null>,<Null>,D42,131,Rouge (131),13365,131
-8817802.213,5437105.418,80741756,7000795019,2017,2017/05/05 04:00:00+00,2359,23,MORNINGSIDE AVE,SEWELLS RD,north of,Minor Arterial,Scarborough,25,42,43.816607,-79.211665,Mid-Block,Non Intersection,No Control,Clear,"Dark, artificial",<Null>,Fatal,Approaching,Driver,20 to 24,Minor,<Null>,North,"Automobile, Station Wagon",Going Ahead,Driving Properly,Normal,<Null>,<Null>,<Null>,<Null>,<Null>,<Null>,<Null>,<Null>,Yes,<Null>,<Null>,<Null>,<Null>,Yes,<Null>,<Null>,<Null>,<Null>,<Null>,D42,131,Rouge (131),13366,131
-8817802.213,5437105.418,80741774,7000795019,2017,2017/05/05 04:00:00+00,2359,23,MORNINGSIDE AVE,SEWELLS RD,north of,Minor Arterial,Scarborough,25,42,43.816607,-79.211665,Mid-Block,Non Intersection,No Control,Clear,"Dark, artificial",<Null>,Fatal,Approaching,Driver,70 to 74,Fatal,21,<Null>,<Null>,<Null>,<Null>,<Null>,<Null>,<Null>,<Null>,<Null>,<Null>,<Null>,<Null>,<Null>,Yes,<Null>,<Null>,<Null>,<Null>,Yes,<Null>,<Null>,<Null>,<Null>,<Null>,D42,131,Rouge (131),13367,131
-8836689.011,5412567.6,80777413,7000797636,2017,2017/05/06 04:00:00+00,1248,12,YONGE  ST,GOULD ST,<Null>,Major Arterial,Toronto and East York,"11,13","51,52",43.657344,-79.381328,Intersection,At Intersection,Traffic Signal,Clear,Daylight,Dry,Non-Fatal Injury,Cyclist Collisions,Driver,30 to 34,None,<Null>,South,"Automobile, Station Wagon",Going Ahead,Improper Passing,Normal,<Null>,<Null>,<Null>,<Null>,<Null>,<Null>,<Null>,Yes,Yes,<Null>,<Null>,<Null>,<Null>,<Null>,<Null>,Yes,<Null>,<Null>,<Null>,D51,75,Church-Yonge Corridor (75),13368,75
-8836689.011,5412567.6,80777414,7000797636,2017,2017/05/06 04:00:00+00,1248,12,YONGE  ST,GOULD ST,<Null>,Major Arterial,Toronto and East York,"11,13","51,52",43.657344,-79.381328,Intersection,At Intersection,Traffic Signal,Clear,Daylight,Dry,Non-Fatal Injury,Cyclist Collisions,Cyclist,70 to 74,Major,<Null>,South,Bicycle,Going Ahead,<Null>,<Null>,<Null>,<Null>,<Null>,Cyclist and Driver travelling in same direction. One vehicle sideswipes the other.,Driving Properly,Normal,<Null>,Yes,Yes,<Null>,<Null>,<Null>,<Null>,<Null>,<Null>,Yes,<Null>,<Null>,<Null>,D51,75,Church-Yonge Corridor (75),13369,75
-8833749.62,5412616.837,80783681,7000802019,2017,2017/05/07 04:00:00+00,620,6,KING ST E,QUEEN ST E,21 m East of,Major Arterial,Toronto and East York,13,51,43.657664,-79.354923,Intersection,Intersection Related,No Control,Clear,"Daylight, artificial",Dry,Non-Fatal Injury,Approaching,Driver,40 to 44,None,<Null>,West,"Automobile, Station Wagon",Going Ahead,Driving Properly,Normal,<Null>,<Null>,<Null>,<Null>,<Null>,<Null>,<Null>,<Null>,Yes,<Null>,<Null>,<Null>,<Null>,Yes,Yes,Yes,<Null>,<Null>,<Null>,D51,73,Moss Park (73),13370,73
-8833749.62,5412616.837,80783682,7000802019,2017,2017/05/07 04:00:00+00,620,6,KING ST E,QUEEN ST E,21 m East of,Major Arterial,Toronto and East York,13,51,43.657664,-79.354923,Intersection,Intersection Related,No Control,Clear,"Daylight, artificial",Dry,Non-Fatal Injury,Approaching,Driver,45 to 49,Minimal,<Null>,West,"Automobile, Station Wagon",Slowing or Stopping,Driving Properly,Normal,<Null>,<Null>,<Null>,<Null>,<Null>,<Null>,<Null>,<Null>,Yes,<Null>,<Null>,<Null>,<Null>,Yes,Yes,Yes,<Null>,<Null>,<Null>,D51,73,Moss Park (73),13371,73
-8833749.62,5412616.837,80783683,7000802019,2017,2017/05/07 04:00:00+00,620,6,KING ST E,QUEEN ST E,21 m East of,Major Arterial,Toronto and East York,13,51,43.657664,-79.354923,Intersection,Intersection Related,No Control,Clear,"Daylight, artificial",Dry,Non-Fatal Injury,Approaching,Driver,20 to 24,Major,<Null>,East,"Automobile, Station Wagon",Going Ahead,Exceeding Speed Limit,Had Been Drinking,<Null>,<Null>,<Null>,<Null>,<Null>,<Null>,<Null>,<Null>,Yes,<Null>,<Null>,<Null>,<Null>,Yes,Yes,Yes,<Null>,<Null>,<Null>,D51,73,Moss Park (73),13372,73
-8833749.62,5412616.837,80783684,7000802019,2017,2017/05/07 04:00:00+00,620,6,KING ST E,QUEEN ST E,21 m East of,Major Arterial,Toronto and East York,13,51,43.657664,-79.354923,Intersection,Intersection Related,No Control,Clear,"Daylight, artificial",Dry,Non-Fatal Injury,Approaching,Passenger,20 to 24,Minimal,<Null>,<Null>,<Null>,<Null>,<Null>,<Null>,<Null>,<Null>,<Null>,<Null>,<Null>,<Null>,<Null>,<Null>,Yes,<Null>,<Null>,<Null>,<Null>,Yes,Yes,Yes,<Null>,<Null>,<Null>,D51,73,Moss Park (73),13373,73
-8833749.62,5412616.837,80783685,7000802019,2017,2017/05/07 04:00:00+00,620,6,KING ST E,QUEEN ST E,21 m East of,Major Arterial,Toronto and East York,13,51,43.657664,-79.354923,Intersection,Intersection Related,No Control,Clear,"Daylight, artificial",Dry,Non-Fatal Injury,Approaching,Passenger,20 to 24,Minimal,<Null>,<Null>,<Null>,<Null>,<Null>,<Null>,<Null>,<Null>,<Null>,<Null>,<Null>,<Null>,<Null>,<Null>,Yes,<Null>,<Null>,<Null>,<Null>,Yes,Yes,Yes,<Null>,<Null>,<Null>,D51,73,Moss Park (73),13374,73
-8833749.62,5412616.837,80783686,7000802019,2017,2017/05/07 04:00:00+00,620,6,KING ST E,QUEEN ST E,21 m East of,Major Arterial,Toronto and East York,13,51,43.657664,-79.354923,Intersection,Intersection Related,No Control,Clear,"Daylight, artificial",Dry,Non-Fatal Injury,Approaching,Passenger,55 to 59,Minimal,<Null>,<Null>,<Null>,<Null>,<Null>,<Null>,<Null>,<Null>,<Null>,<Null>,<Null>,<Null>,<Null>,<Null>,Yes,<Null>,<Null>,<Null>,<Null>,Yes,Yes,Yes,<Null>,<Null>,<Null>,D51,73,Moss Park (73),13375,73
-8833749.62,5412616.837,80783687,7000802019,2017,2017/05/07 04:00:00+00,620,6,KING ST E,QUEEN ST E,21 m East of,Major Arterial,Toronto and East York,13,51,43.657664,-79.354923,Intersection,Intersection Related,No Control,Clear,"Daylight, artificial",Dry,Non-Fatal Injury,Approaching,Passenger,25 to 29,Minimal,<Null>,<Null>,<Null>,<Null>,<Null>,<Null>,<Null>,<Null>,<Null>,<Null>,<Null>,<Null>,<Null>,<Null>,Yes,<Null>,<Null>,<Null>,<Null>,Yes,Yes,Yes,<Null>,<Null>,<Null>,D51,73,Moss Park (73),13376,73
-8832898.583,5427093.086,80777565,7000804511,2017,2017/05/07 04:00:00+00,1630,16,1446 DON MILLS RD,<Null>,15 m East of,Major Arterial,North York,16,33,43.751673,-79.347278,Mid-Block,Non Intersection,No Control,Clear,Daylight,Dry,Non-Fatal Injury,SMV Other,Driver,75 to 79,Major,<Null>,South,"Automobile, Station Wagon",Going Ahead,Driving Properly,Medical or Physical Disability,<Null>,<Null>,<Null>,<Null>,<Null>,<Null>,<Null>,<Null>,Yes,<Null>,<Null>,<Null>,<Null>,Yes,<Null>,<Null>,<Null>,<Null>,Yes,D33,42,Banbury-Don Mills (42),13377,42
-8832898.583,5427093.086,80777566,7000804511,2017,2017/05/07 04:00:00+00,1630,16,1446 DON MILLS RD,<Null>,15 m East of,Major Arterial,North York,16,33,43.751673,-79.347278,Mid-Block,Non Intersection,No Control,Clear,Daylight,Dry,Non-Fatal Injury,SMV Other,Passenger,75 to 79,Minor,<Null>,<Null>,<Null>,<Null>,<Null>,<Null>,<Null>,<Null>,<Null>,<Null>,<Null>,<Null>,<Null>,<Null>,Yes,<Null>,<Null>,<Null>,<Null>,Yes,<Null>,<Null>,<Null>,<Null>,Yes,D33,42,Banbury-Don Mills (42),13378,42