X,Y,INDEX_,ACCNUM,YEAR,DATE,TIME,HOUR,STREET1,STREET2,OFFSET,ROAD_CLASS,DISTRICT,WARDNUM,DIVISION,LATITUDE,LONGITUDE,LOCCOORD,ACCLOC,TRAFFCTL,VISIBILITY,LIGHT,RDSFCOND,ACCLASS,IMPACTYPE,INVTYPE,INVAGE,INJURY,FATAL_NO,INITDIR,VEHTYPE,MANOEUVER,DRIVACT,DRIVCOND,PEDTYPE,PEDACT,PEDCOND,CYCLISTYPE,CYCACT,CYCCOND,PEDESTRIAN,CYCLIST,AUTOMOBILE,MOTORCYCLE,TRUCK,TRSN_CITY_VEH,EMERG_VEH,PASSENGER,SPEEDING,AG_DRIV,REDLIGHT,ALCOHOL,DISABILITY,POLICE_DIVISION,HOOD_ID,NEIGHBOURHOOD,ObjectId,VEHICLES_IN_STREET
-8839233.552,5415341.305,80770571,7001160269,2017,2017/06/29 04:00:00+00,248,2,196 DUPONT ST,<Null>,<Null>,Major Arterial,Toronto and East York,11,53,43.675368,-79.404186,Mid-Block,Non Intersection,No Control,Rain,"Dark, artificial",Wet,Non-Fatal Injury,Pedestrian Collisions,Pedestrian,30 to 34,Major,<Null>,South,<Null>,<Null>,<Null>,<Null>,Pedestrian hit at mid-block,"Crossing, no Traffic Control",Had Been Drinking,<Null>,<Null>,<Null>,Yes,<Null>,Yes,<Null>,<Null>,<Null>,<Null>,<Null>,<Null>,<Null>,<Null>,<Null>,<Null>,D53,95,Annex (95),13469,95
-8839511.183,5425922.704,80911490,7001412145,2017,2017/08/05 04:00:00+00,2245,22,YORK MILLS RD,YONGE ST,<Null>,Major Arterial,North York,"8,15",32,43.744078,-79.40668,Intersection,At Intersection,Traffic Signal,Clear,"Dark, artificial",Dry,Non-Fatal Injury,Pedestrian Collisions,Driver,15 to 19,None,<Null>,West,"Automobile, Station Wagon",Turning Right,Failed to Yield Right of Way,Inattentive,<Null>,<Null>,<Null>,<Null>,<Null>,<Null>,Yes,<Null>,Yes,<Null>,<Null>,<Null>,<Null>,<Null>,<Null>,Yes,<Null>,<Null>,<Null>,D32,40,St.Andrew-Windfields (40),13471,40
-8835363.196,5412122.629,80772493,7000256158,2017,2017/02/10 05:00:00+00,1003,10,QUEEN ST E,SHERBOURNE ST,5 m East of,Major Arterial,Toronto and East York,13,51,43.654452,-79.369418,Intersection,At Intersection,Traffic Signal,Clear,Daylight,Dry,Non-Fatal Injury,Pedestrian Collisions,Driver,45 to 49,None,<Null>,West,Municipal Transit Bus (TTC),Going Ahead,Driving Properly,Normal,<Null>,<Null>,<Null>,<Null>,<Null>,<Null>,Yes,<Null>,<Null>,<Null>,<Null>,Yes,<Null>,<Null>,<Null>,<Null>,<Null>,<Null>,<Null>,D51,73,Moss Park (73),13474,73
-8837721.722,5413516.697,80895727,7001571864,2017,2017/08/30 04:00:00+00,1703,17,WELLESLEY ST W,QUEENS PARK CRES E,3 m East of,Major Arterial,Toronto and East York,11,52,43.663512,-79.390605,Intersection,At Intersection,Traffic Signal,Clear,Daylight,Dry,Non-Fatal Injury,Cyclist Collisions,Truck Driver,55 to 59,None,<Null>,West,Truck - Dump,Turning Right,Improper Turn,Inattentive,<Null>,<Null>,<Null>,<Null>,<Null>,<Null>,<Null>,Yes,<Null>,<Null>,Yes,<Null>,<Null>,<Null>,<Null>,<Null>,<Null>,<Null>,<Null>,D52,76,Bay Street Corridor (76),13475,76
-8845865.634,5413527.314,80875872,7001414660,2017,2017/08/06 04:00:00+00,1125,11,KEELE ST,ANNETTE ST,7 m South of,Major Arterial,Toronto and East York,4,11,43.663581,-79.463763,Intersection,Intersection Related,Traffic Signal,Clear,Daylight,Dry,Non-Fatal Injury,Pedestrian Collisions,Driver,50 to 54,None,<Null>,North,"Automobile, Station Wagon",Going Ahead,Disobeyed Traffic Control,Normal,<Null>,<Null>,<Null>,<Null>,<Null>,<Null>,Yes,<Null>,Yes,<Null>,<Null>,<Null>,<Null>,Yes,<Null>,Yes,Yes,<Null>,<Null>,D11,90,Junction Area (90),13476,90
-8857761.791,5411735.22,80770719,7001165135,2017,2017/06/29 04:00:00+00,1808,18,THE WEST MALL,CAMBRIAN RD,98 m South of,Minor Arterial,Etobicoke York,2,22,43.651934,-79.570628,Mid-Block,Non Intersection,No Control,Clear,Daylight,Dry,Non-Fatal Injury,Angle,Driver,15 to 19,Minor,<Null>,West,Passenger Van,Going Ahead,Failed to Yield Right of Way,Normal,<Null>,<Null>,<Null>,<Null>,<Null>,<Null>,<Null>,<Null>,Yes,<Null>,<Null>,Yes,<Null>,Yes,<Null>,Yes,<Null>,<Null>,<Null>,D22,13,Etobicoke West Mall (13),13477,13
-8835363.196,5412122.629,80772494,7000256158,2017,2017/02/10 05:00:00+00,1003,10,QUEEN ST E,SHERBOURNE ST,5 m East of,Major Arterial,Toronto and East York,13,51,43.654452,-79.369418,Intersection,At Intersection,Traffic Signal,Clear,Daylight,Dry,Non-Fatal Injury,Pedestrian Collisions,Pedestrian,35 to 39,Major,<Null>,Unknown,<Null>,<Null>,<Null>,<Null>,Other / Undefined,Other,Other,<Null>,<Null>,<Null>,Yes,<Null>,<Null>,<Null>,<Null>,Yes,<Null>,<Null>,<Null>,<Null>,<Null>,<Null>,<Null>,D51,73,Moss Park (73),13478,73
-8845865.634,5413527.314,80875873,7001414660,2017,2017/08/06 04:00:00+00,1125,11,KEELE ST,ANNETTE ST,7 m South of,Major Arterial,Toronto and East York,4,11,43.663581,-79.463763,Intersection,Intersection Related,Traffic Signal,Clear,Daylight,Dry,Non-Fatal Injury,Pedestrian Collisions,Driver,50 to 54,Minor,<Null>,East,"Automobile, Station Wagon",Going Ahead,Driving Properly,Normal,<Null>,<Null>,<Null>,<Null>,<Null>,<Null>,Yes,<Null>,Yes,<Null>,<Null>,<Null>,<Null>,Yes,<Null>,Yes,Yes,<Null>,<Null>,D11,90,Junction Area (90),13479,90
-8839271.735,5424414.602,80781828,7001580093,2017,2017/08/31 04:00:00+00,2141,21,YONGE ST,YONGE BLVD,<Null>,Major Arterial,North York,"8,15",32,43.73429,-79.404529,Intersection,At Intersection,Traffic Controller,Clear,"Daylight, artificial",Dry,Non-Fatal Injury,Cyclist Collisions,Driver,20 to 24,None,<Null>,East,Pick Up Truck,Turning Right,Improper Turn,Normal,<Null>,<Null>,<Null>,<Null>,<Null>,<Null>,<Null>,Yes,Yes,<Null>,<Null>,<Null>,<Null>,<Null>,<Null>,<Null>,<Null>,<Null>,<Null>,D32,41,Bridle Path-Sunnybrook-York Mills (41),13480,41
-8857761.791,5411735.22,80770720,7001165135,2017,2017/06/29 04:00:00+00,1808,18,THE WEST MALL,CAMBRIAN RD,98 m South of,Minor Arterial,Etobicoke York,2,22,43.651934,-79.570628,Mid-Block,Non Intersection,No Control,Clear,Daylight,Dry,Non-Fatal Injury,Angle,Driver,40 to 44,Minor,<Null>,North,Municipal Transit Bus (TTC),Going Ahead,Driving Properly,Normal,<Null>,<Null>,<Null>,<Null>,<Null>,<Null>,<Null>,<Null>,Yes,<Null>,<Null>,Yes,<Null>,Yes,<Null>,Yes,<Null>,<Null>,<Null>,D22,13,Etobicoke West Mall (13),13482,13
-8839271.735,5424414.602,80781829,7001580093,2017,2017/08/31 04:00:00+00,2141,21,YONGE ST,YONGE BLVD,<Null>,Major Arterial,North York,"8,15",32,43.73429,-79.404529,Intersection,At Intersection,Traffic Controller,Clear,"Daylight, artificial",Dry,Non-Fatal Injury,Cyclist Collisions,Cyclist,20 to 24,Major,<Null>,North,Bicycle,Going Ahead,<Null>,<Null>,<Null>,<Null>,<Null>,Motorist turning right on red at signalized intersection strikes cyclist.,Improper Passing,Normal,<Null>,Yes,Yes,<Null>,<Null>,<Null>,<Null>,<Null>,<Null>,<Null>,<Null>,<Null>,<Null>,D32,41,Bridle Path-Sunnybrook-York Mills (41),13484,41
-8825245.479,5432273.211,80887406,7000264756,2017,2017/02/11 05:00:00+00,2011,20,MIDLAND  AVE,SHEPPARD  AVE E,<Null>,Major Arterial,Scarborough,"22,23",42,43.785277,-79.278529,Intersection,At Intersection,Traffic Signal,Clear,"Dark, artificial",Wet,Non-Fatal Injury,Pedestrian Collisions,Pedestrian,35 to 39,Major,<Null>,West,<Null>,<Null>,<Null>,<Null>,Vehicle is going straight thru inter.while ped cross without ROW,Crossing without right of way,Inattentive,<Null>,<Null>,<Null>,Yes,<Null>,Yes,<Null>,<Null>,<Null>,<Null>,<Null>,<Null>,<Null>,<Null>,<Null>,<Null>,D42,128,Agincourt South-Malvern West (128),13485,128
-8845865.634,5413527.314,80875874,7001414660,2017,2017/08/06 04:00:00+00,1125,11,KEELE ST,ANNETTE ST,7 m South of,Major Arterial,Toronto and East York,4,11,43.663581,-79.463763,Intersection,Intersection Related,Traffic Signal,Clear,Daylight,Dry,Non-Fatal Injury,Pedestrian Collisions,Passenger,50 to 54,None,<Null>,<Null>,<Null>,<Null>,<Null>,<Null>,<Null>,<Null>,<Null>,<Null>,<Null>,<Null>,Yes,<Null>,Yes,<Null>,<Null>,<Null>,<Null>,Yes,<Null>,Yes,Yes,<Null>,<Null>,D11,90,Junction Area (90),13486,90
-8857761.791,5411735.22,80770721,7001165135,2017,2017/06/29 04:00:00+00,1808,18,THE WEST MALL,CAMBRIAN RD,98 m South of,Minor Arterial,Etobicoke York,2,22,43.651934,-79.570628,Mid-Block,Non Intersection,No Control,Clear,Daylight,Dry,Non-Fatal Injury,Angle,Passenger,20 to 24,Minor,<Null>,<Null>,<Null>,<Null>,<Null>,<Null>,<Null>,<Null>,<Null>,<Null>,<Null>,<Null>,<Null>,<Null>,Yes,<Null>,<Null>,Yes,<Null>,Yes,<Null>,Yes,<Null>,<Null>,<Null>,D22,13,Etobicoke West Mall (13),13488,13
-8817634.12,5433932.039,80915150,7001604333,2017,2017/09/05 04:00:00+00,30,0,715 MILNER AVE,<Null>,30 m East of,Minor Arterial,Scarborough,25,42,43.796034,-79.210155,Mid-Block,At/Near Private Drive,No Control,Clear,"Dark, artificial",Dry,Non-Fatal Injury,SMV Other,Passenger,30 to 34,Major,<Null>,<Null>,<Null>,<Null>,<Null>,<Null>,<Null>,<Null>,<Null>,<Null>,<Null>,<Null>,<Null>,<Null>,Yes,<Null>,<Null>,<Null>,<Null>,Yes,<Null>,<Null>,<Null>,<Null>,<Null>,D42,132,Malvern (132),13490,132
-8825245.479,5432273.211,80887407,7000264756,2017,2017/02/11 05:00:00+00,2011,20,MIDLAND  AVE,SHEPPARD  AVE E,<Null>,Major Arterial,Scarborough,"22,23",42,43.785277,-79.278529,Intersection,At Intersection,Traffic Signal,Clear,"Dark, artificial",Wet,Non-Fatal Injury,Pedestrian Collisions,Driver,65 to 69,None,<Null>,North,"Automobile, Station Wagon",Going Ahead,Driving Properly,Normal,<Null>,<Null>,<Null>,<Null>,<Null>,<Null>,Yes,<Null>,Yes,<Null>,<Null>,<Null>,<Null>,<Null>,<Null>,<Null>,<Null>,<Null>,<Null>,D42,128,Agincourt South-Malvern West (128),13491,128
-8858429.374,5428968.009,80943083,7000264793,2017,2017/02/11 05:00:00+00,2021,20,STEELES AVE W,ISLINGTON AVE,177 m West of,Major Arterial,Etobicoke York,7,31,43.763838,-79.576625,Mid-Block,Non Intersection,No Control,Clear,"Dark, artificial",Dry,Non-Fatal Injury,Approaching,Driver,60 to 64,Major,<Null>,West,Passenger Van,Going Ahead,Driving Properly,Normal,<Null>,<Null>,<Null>,<Null>,<Null>,<Null>,<Null>,<Null>,Yes,<Null>,<Null>,<Null>,<Null>,<Null>,<Null>,<Null>,<Null>,<Null>,<Null>,D31,21,Humber Summit (21),13492,21
-8858429.374,5428968.009,80943084,7000264793,2017,2017/02/11 05:00:00+00,2021,20,STEELES AVE W,ISLINGTON AVE,177 m West of,Major Arterial,Etobicoke York,7,31,43.763838,-79.576625,Mid-Block,Non Intersection,No Control,Clear,"Dark, artificial",Dry,Non-Fatal Injury,Approaching,Driver,15 to 19,Major,<Null>,East,"Automobile, Station Wagon",Going Ahead,Lost control,Inattentive,<Null>,<Null>,<Null>,<Null>,<Null>,<Null>,<Null>,<Null>,Yes,<Null>,<Null>,<Null>,<Null>,<Null>,<Null>,<Null>,<Null>,<Null>,<Null>,D31,21,Humber Summit (21),13493,21
-8835738.677,5411842.609,80772695,7000267446,2017,2017/02/12 05:00:00+00,936,9,RICHMOND ST E,JARVIS ST,<Null>,Major Arterial,Toronto and East York,13,51,43.652632,-79.372791,Intersection,At Intersection,Traffic Signal,Rain,Daylight,Packed Snow,Non-Fatal Injury,Pedestrian Collisions,Driver,30 to 34,None,<Null>,West,"Automobile, Station Wagon",Going Ahead,Speed too Fast For Condition,Normal,<Null>,<Null>,<Null>,<Null>,<Null>,<Null>,Yes,<Null>,Yes,<Null>,<Null>,<Null>,<Null>,Yes,Yes,Yes,<Null>,<Null>,<Null>,D51,73,Moss Park (73),13494,73
-8835738.677,5411842.609,80772696,7000267446,2017,2017/02/12 05:00:00+00,936,9,RICHMOND ST E,JARVIS ST,<Null>,Major Arterial,Toronto and East York,13,51,43.652632,-79.372791,Intersection,At Intersection,Traffic Signal,Rain,Daylight,Packed Snow,Non-Fatal Injury,Pedestrian Collisions,Passenger,40 to 44,None,<Null>,<Null>,<Null>,<Null>,<Null>,<Null>,<Null>,<Null>,<Null>,<Null>,<Null>,<Null>,Yes,<Null>,Yes,<Null>,<Null>,<Null>,<Null>,Yes,Yes,Yes,<Null>,<Null>,<Null>,D51,73,Moss Park (73),13495,73
-8835738.677,5411842.609,80772697,7000267446,2017,2017/02/12 05:00:00+00,936,9,RICHMOND ST E,JARVIS ST,<Null>,Major Arterial,Toronto and East York,13,51,43.652632,-79.372791,Intersection,At Intersection,Traffic Signal,Rain,Daylight,Packed Snow,Non-Fatal Injury,Pedestrian Collisions,Pedestrian,60 to 64,Major,<Null>,Unknown,<Null>,<Null>,<Null>,<Null>,Pedestrian hit on sidewalk or shoulder,On Sidewalk or Shoulder,Normal,<Null>,<Null>,<Null>,Yes,<Null>,Yes,<Null>,<Null>,<Null>,<Null>,Yes,Yes,Yes,<Null>,<Null>,<Null>,D51,73,Moss Park (73),13496,73
-8840497.251,5431412.687,80735293,7000274781,2017,2017/02/13 05:00:00+00,1507,15,FINCH AVE W,YONGE ST,<Null>,Major Arterial,North York,18,32,43.779696,-79.415538,Intersection,At Intersection,Traffic Signal,Clear,Daylight,Wet,Non-Fatal Injury,Pedestrian Collisions,Driver,35 to 39,None,<Null>,East,"Automobile, Station Wagon",Going Ahead,Driving Properly,Normal,<Null>,<Null>,<Null>,<Null>,<Null>,<Null>,Yes,<Null>,Yes,<Null>,<Null>,<Null>,<Null>,<Null>,<Null>,<Null>,<Null>,<Null>,<Null>,D32,51,Willowdale East (51),13497,51
-8840497.251,5431412.687,80735294,7000274781,2017,2017/02/13 05:00:00+00,1507,15,FINCH AVE W,YONGE ST,<Null>,Major Arterial,North York,18,32,43.779696,-79.415538,Intersection,At Intersection,Traffic Signal,Clear,Daylight,Wet,Non-Fatal Injury,Pedestrian Collisions,Pedestrian,50 to 54,Major,<Null>,South,<Null>,<Null>,<Null>,<Null>,Vehicle is going straight thru inter.while ped cross without ROW,Crossing without right of way,Inattentive,<Null>,<Null>,<Null>,Yes,<Null>,Yes,<Null>,<Null>,<Null>,<Null>,<Null>,<Null>,<Null>,<Null>,<Null>,<Null>,D32,51,Willowdale East (51),13498,51
-8854238.084,5416018.237,80788779,7000279545,2017,2017/02/14 05:00:00+00,1017,10,ISLINGTON AVE,EGLINTON AVE W,<Null>,Major Arterial,Etobicoke York,2,"23,22",43.679766,-79.538974,Intersection,At Intersection,Traffic Signal,Clear,Daylight,Dry,Non-Fatal Injury,Turning Movement,Driver,55 to 59,Major,<Null>,South,"Automobile, Station Wagon",Turning Left,Other,Normal,<Null>,<Null>,<Null>,<Null>,<Null>,<Null>,<Null>,<Null>,Yes,<Null>,<Null>,<Null>,<Null>,<Null>,<Null>,<Null>,<Null>,<Null>,<Null>,D22,9,Edenbridge-Humber Valley (9),13499,9
-8854238.084,5416018.237,80788780,7000279545,2017,2017/02/14 05:00:00+00,1017,10,ISLINGTON AVE,EGLINTON AVE W,<Null>,Major Arterial,Etobicoke York,2,"23,22",43.679766,-79.538974,Intersection,At Intersection,Traffic Signal,Clear,Daylight,Dry,Non-Fatal Injury,Turning Movement,Driver,15 to 19,Minimal,<Null>,North,"Automobile, Station Wagon",Going Ahead,Other,Normal,<Null>,<Null>,<Null>,<Null>,<Null>,<Null>,<Null>,<Null>,Yes,<Null>,<Null>,<Null>,<Null>,<Null>,<Null>,<Null>,<Null>,<Null>,<Null>,D22,9,Edenbridge-Humber Valley (9),13500,9
-8852089.395,5404482.225,80631671,7000303904,2017,2017/02/18 05:00:00+00,29,0,KIPLING AVE,NEW TORONTO ST,112 m North,Major Arterial,Etobicoke York,3,22,43.604773,-79.519672,Mid-Block,Underpass or Tunnel,No Control,Clear,"Dark, artificial",Dry,Fatal,SMV Other,Passenger,30 to 34,Minor,<Null>,<Null>,<Null>,<Null>,<Null>,<Null>,<Null>,<Null>,<Null>,<Null>,<Null>,<Null>,<Null>,<Null>,Yes,<Null>,<Null>,<Null>,<Null>,Yes,Yes,Yes,<Null>,<Null>,<Null>,D22,17,Mimico (17),13501,17
-8852089.395,5404482.225,80632485,7000303904,2017,2017/02/18 05:00:00+00,29,0,KIPLING AVE,NEW TORONTO ST,112 m North,Major Arterial,Etobicoke York,3,22,43.604773,-79.519672,Mid-Block,Underpass or Tunnel,No Control,Clear,"Dark, artificial",Dry,Fatal,SMV Other,Driver,30 to 34,Fatal,7,South,Pick Up Truck,Going Ahead,Failed to Yield Right of Way,Had Been Drinking,<Null>,<Null>,<Null>,<Null>,<Null>,<Null>,<Null>,<Null>,Yes,<Null>,<Null>,<Null>,<Null>,Yes,Yes,Yes,<Null>,<Null>,<Null>,D22,17,Mimico (17),13502,17
-8843108.027,5414267.519,80783062,7000304579,2017,2017/02/18 05:00:00+00,347,3,DUFFERIN ST,DUPONT ST,<Null>,Major Arterial,Toronto and East York,9,"11,14",43.668391,-79.438991,Intersection,At Intersection,Traffic Signal,Clear,"Dark, artificial",Dry,Non-Fatal Injury,Angle,Driver,30 to 34,Major,<Null>,West,"Automobile, Station Wagon",Going Ahead,Disobeyed Traffic Control,"Ability Impaired, Alcohol",<Null>,<Null>,<Null>,<Null>,<Null>,<Null>,<Null>,<Null>,Yes,<Null>,<Null>,Yes,<Null>,Yes,Yes,Yes,Yes,Yes,<Null>,D14,93,Dovercourt-Wallace Emerson-Junction (93),13503,93
-8843108.027,5414267.519,80783063,7000304579,2017,2017/02/18 05:00:00+00,347,3,DUFFERIN ST,DUPONT ST,<Null>,Major Arterial,Toronto and East York,9,"11,14",43.668391,-79.438991,Intersection,At Intersection,Traffic Signal,Clear,"Dark, artificial",Dry,Non-Fatal Injury,Angle,Driver,45 to 49,Minor,<Null>,North,"Automobile, Station Wagon",Going Ahead,Driving Properly,Normal,<Null>,<Null>,<Null>,<Null>,<Null>,<Null>,<Null>,<Null>,Yes,<Null>,<Null>,Yes,<Null>,Yes,Yes,Yes,Yes,Yes,<Null>,D14,93,Dovercourt-Wallace Emerson-Junction (93),13504,93
-8843108.027,5414267.519,80783064,7000304579,2017,2017/02/18 05:00:00+00,347,3,DUFFERIN ST,DUPONT ST,<Null>,Major Arterial,Toronto and East York,9,"11,14",43.668391,-79.438991,Intersection,At Intersection,Traffic Signal,Clear,"Dark, artificial",Dry,Non-Fatal Injury,Angle,Driver,50 to 54,Minimal,<Null>,South,Intercity Bus,Going Ahead,Driving Properly,Normal,<Null>,<Null>,<Null>,<Null>,<Null>,<Null>,<Null>,<Null>,Yes,<Null>,<Null>,Yes,<Null>,Yes,Yes,Yes,Yes,Yes,<Null>,D14,93,Dovercourt-Wallace Emerson-Junction (93),13505,93
-8843108.027,5414267.519,80783065,7000304579,2017,2017/02/18 05:00:00+00,347,3,DUFFERIN ST,DUPONT ST,<Null>,Major Arterial,Toronto and East York,9,"11,14",43.668391,-79.438991,Intersection,At Intersection,Traffic Signal,Clear,"Dark, artificial",Dry,Non-Fatal Injury,Angle,Passenger,20 to 24,Minor,<Null>,<Null>,<Null>,<Null>,<Null>,<Null>,<Null>,<Null>,<Null>,<Null>,<Null>,<Null>,<Null>,<Null>,Yes,<Null>,<Null>,Yes,<Null>,Yes,Yes,Yes,Yes,Yes,<Null>,D14,93,Dovercourt-Wallace Emerson-Junction (93),13506,93
-8834532.642,5415561.402,80734953,7000305009,2017,2017/02/18 05:00:00+00,709,7,DON VALLEY PARKWAY  S,PRINCE EDWARD VIADUCT,150 m North of,<Null>,Toronto and East York,14,54,43.676798,-79.361957,Mid-Block,Non Intersection,No Control,Clear,Daylight,Dry,Non-Fatal Injury,SMV Other,Driver,20 to 24,Major,<Null>,South,"Automobile, Station Wagon",Going Ahead,Lost control,Fatigue,<Null>,<Null>,<Null>,<Null>,<Null>,<Null>,<Null>,<Null>,Yes,<Null>,<Null>,<Null>,<Null>,<Null>,<Null>,<Null>,<Null>,<Null>,<Null>,D54,67,Playter Estates-Danforth (67),13507,67
-8837274.997,5411557.368,80735162,7000309465,2017,2017/02/18 05:00:00+00,2230,22,UNIVERSITY AVE,QUEEN ST W,11 m North of,Major Arterial,Toronto and East York,10,52,43.650778,-79.386592,Intersection,At Intersection,Traffic Signal,Clear,"Dark, artificial",Dry,Non-Fatal Injury,Pedestrian Collisions,Driver,30 to 34,None,<Null>,East,"Automobile, Station Wagon",Turning Left,Driving Properly,Normal,<Null>,<Null>,<Null>,<Null>,<Null>,<Null>,Yes,<Null>,Yes,<Null>,<Null>,<Null>,<Null>,<Null>,<Null>,<Null>,<Null>,<Null>,<Null>,D52,76,Bay Street Corridor (76),13508,76
-8837274.997,5411557.368,80735163,7000309465,2017,2017/02/18 05:00:00+00,2230,22,UNIVERSITY AVE,QUEEN ST W,11 m North of,Major Arterial,Toronto and East York,10,52,43.650778,-79.386592,Intersection,At Intersection,Traffic Signal,Clear,"Dark, artificial",Dry,Non-Fatal Injury,Pedestrian Collisions,Other,unknown,None,<Null>,Unknown,<Null>,Unknown,<Null>,<Null>,<Null>,<Null>,<Null>,<Null>,<Null>,<Null>,Yes,<Null>,Yes,<Null>,<Null>,<Null>,<Null>,<Null>,<Null>,<Null>,<Null>,<Null>,<Null>,D52,76,Bay Street Corridor (76),13509,76
-8837274.997,5411557.368,80735164,7000309465,2017,2017/02/18 05:00:00+00,2230,22,UNIVERSITY AVE,QUEEN ST W,11 m North of,Major Arterial,Toronto and East York,10,52,43.650778,-79.386592,Intersection,At Intersection,Traffic Signal,Clear,"Dark, artificial",Dry,Non-Fatal Injury,Pedestrian Collisions,Pedestrian,35 to 39,Major,<Null>,East,<Null>,<Null>,<Null>,<Null>,Vehicle turns left while ped crosses without ROW at inter.,Crossing without right of way,Inattentive,<Null>,<Null>,<Null>,Yes,<Null>,Yes,<Null>,<Null>,<Null>,<Null>,<Null>,<Null>,<Null>,<Null>,<Null>,<Null>,D52,76,Bay Street Corridor (76),13510,76
-8837274.997,5411557.368,80735165,7000309465,2017,2017/02/18 05:00:00+00,2230,22,UNIVERSITY AVE,QUEEN ST W,11 m North of,Major Arterial,Toronto and East York,10,52,43.650778,-79.386592,Intersection,At Intersection,Traffic Signal,Clear,"Dark, artificial",Dry,Non-Fatal Injury,Pedestrian Collisions,Pedestrian,35 to 39,Minor,<Null>,East,<Null>,<Null>,<Null>,<Null>,Vehicle turns left while ped crosses without ROW at inter.,Crossing without right of way,Had Been Drinking,<Null>,<Null>,<Null>,Yes,<Null>,Yes,<Null>,<Null>,<Null>,<Null>,<Null>,<Null>,<Null>,<Null>,<Null>,<Null>,D52,76,Bay Street Corridor (76),13511,76
-8852790.931,5406688.08,80772233,7000311874,2017,2017/02/19 05:00:00+00,1057,10,KIPLING AVE,GARDINER C W KIPLING  RAMP,<Null>,Major Arterial,Etobicoke York,3,22,43.61912,-79.525974,Intersection,At Intersection,Traffic Signal,Clear,Daylight,Dry,Non-Fatal Injury,Turning Movement,Driver,35 to 39,None,<Null>,North,"Automobile, Station Wagon",Going Ahead,Disobeyed Traffic Control,Inattentive,<Null>,<Null>,<Null>,<Null>,<Null>,<Null>,<Null>,<Null>,Yes,Yes,<Null>,<Null>,<Null>,Yes,<Null>,Yes,Yes,<Null>,<Null>,D22,14,Islington-City Centre West (14),13512,14
-8852790.931,5406688.08,80772234,7000311874,2017,2017/02/19 05:00:00+00,1057,10,KIPLING AVE,GARDINER C W KIPLING  RAMP,<Null>,Major Arterial,Etobicoke York,3,22,43.61912,-79.525974,Intersection,At Intersection,Traffic Signal,Clear,Daylight,Dry,Non-Fatal Injury,Turning Movement,Motorcycle Driver,45 to 49,Major,<Null>,West,Motorcycle,Turning Left,Driving Properly,Normal,<Null>,<Null>,<Null>,<Null>,<Null>,<Null>,<Null>,<Null>,Yes,Yes,<Null>,<Null>,<Null>,Yes,<Null>,Yes,Yes,<Null>,<Null>,D22,14,Islington-City Centre West (14),13513,14
-8852790.931,5406688.08,80772235,7000311874,2017,2017/02/19 05:00:00+00,1057,10,KIPLING AVE,GARDINER C W KIPLING  RAMP,<Null>,Major Arterial,Etobicoke York,3,22,43.61912,-79.525974,Intersection,At Intersection,Traffic Signal,Clear,Daylight,Dry,Non-Fatal Injury,Turning Movement,Passenger,10 to 14,None,<Null>,<Null>,<Null>,<Null>,<Null>,<Null>,<Null>,<Null>,<Null>,<Null>,<Null>,<Null>,<Null>,<Null>,Yes,Yes,<Null>,<Null>,<Null>,Yes,<Null>,Yes,Yes,<Null>,<Null>,D22,14,Islington-City Centre West (14),13514,14
-8831946.467,5414278.599,80735242,7000313988,2017,2017/02/19 05:00:00+00,1727,17,1000 GERRARD ST E,<Null>,98 m West of,Minor Arterial,Toronto and East York,14,55,43.668463,-79.338725,Mid-Block,Non Intersection,No Control,Clear,Daylight,Dry,Non-Fatal Injury,Pedestrian Collisions,Driver,20 to 24,None,<Null>,West,"Automobile, Station Wagon",Going Ahead,Driving Properly,Normal,<Null>,<Null>,<Null>,<Null>,<Null>,<Null>,Yes,<Null>,Yes,<Null>,<Null>,<Null>,<Null>,<Null>,<Null>,<Null>,<Null>,<Null>,<Null>,D55,70,South Riverdale (70),13515,70
-8831946.467,5414278.599,80735243,7000313988,2017,2017/02/19 05:00:00+00,1727,17,1000 GERRARD ST E,<Null>,98 m West of,Minor Arterial,Toronto and East York,14,55,43.668463,-79.338725,Mid-Block,Non Intersection,No Control,Clear,Daylight,Dry,Non-Fatal Injury,Pedestrian Collisions,Pedestrian,55 to 59,Major,<Null>,South,<Null>,<Null>,<Null>,<Null>,Pedestrian hit at mid-block,Crossing without right of way,Normal,<Null>,<Null>,<Null>,Yes,<Null>,Yes,<Null>,<Null>,<Null>,<Null>,<Null>,<Null>,<Null>,<Null>,<Null>,<Null>,D55,70,South Riverdale (70),13516,70
-8836627.006,5411410.135,80657505,7000337302,2017,2017/02/23 05:00:00+00,1022,10,ADELAIDE ST W,BAY ST,<Null>,Major Arterial,Toronto and East York,"10,13",52,43.649821,-79.380771,Intersection,At Intersection,Traffic Signal,Clear,"Daylight, artificial",Dry,Fatal,Pedestrian Collisions,Pedestrian,75 to 79,Fatal,8,East,<Null>,<Null>,<Null>,<Null>,Vehicle turns right while ped crosses with ROW at inter.,Crossing with right of way,Normal,<Null>,<Null>,<Null>,Yes,<Null>,Yes,<Null>,<Null>,<Null>,<Null>,<Null>,<Null>,Yes,<Null>,<Null>,<Null>,D52,76,Bay Street Corridor (76),13517,76