X,Y,INDEX_,ACCNUM,YEAR,DATE,TIME,HOUR,STREET1,STREET2,OFFSET,ROAD_CLASS,DISTRICT,WARDNUM,DIVISION,LATITUDE,LONGITUDE,LOCCOORD,ACCLOC,TRAFFCTL,VISIBILITY,LIGHT,RDSFCOND,ACCLASS,IMPACTYPE,INVTYPE,INVAGE,INJURY,FATAL_NO,INITDIR,VEHTYPE,MANOEUVER,DRIVACT,DRIVCOND,PEDTYPE,PEDACT,PEDCOND,CYCLISTYPE,CYCACT,CYCCOND,PEDESTRIAN,CYCLIST,AUTOMOBILE,MOTORCYCLE,TRUCK,TRSN_CITY_VEH,EMERG_VEH,PASSENGER,SPEEDING,AG_DRIV,REDLIGHT,ALCOHOL,DISABILITY,POLICE_DIVISION,HOOD_ID,NEIGHBOURHOOD,ObjectId,VEHICLES_IN_STREET
-8836627.006,5411410.135,80657524,7000337302,2017,2017/02/23 05:00:00+00,1022,10,ADELAIDE ST W,BAY ST,<Null>,Major Arterial,Toronto and East York,"10,13",52,43.649821,-79.380771,Intersection,At Intersection,Traffic Signal,Clear,"Daylight, artificial",Dry,Fatal,Pedestrian Collisions,Driver,20 to 24,None,<Null>,East,Pick Up Truck,Turning Right,Failed to Yield Right of Way,Inattentive,<Null>,<Null>,<Null>,<Null>,<Null>,<Null>,Yes,<Null>,Yes,<Null>,<Null>,<Null>,<Null>,<Null>,<Null>,Yes,<Null>,<Null>,<Null>,D52,76,Bay Street Corridor (76),13518,76
-8840280.735,5430254.706,80772519,7000337987,2017,2017/02/23 05:00:00+00,1200,12,YONGE ST,NORTON AVE,<Null>,Major Arterial,North York,18,32,43.772185,-79.413593,Intersection,At Intersection,Stop Sign,Clear,Daylight,Dry,Non-Fatal Injury,Pedestrian Collisions,Driver,65 to 69,None,<Null>,West,"Automobile, Station Wagon",Turning Left,Improper Turn,Inattentive,<Null>,<Null>,<Null>,<Null>,<Null>,<Null>,Yes,<Null>,Yes,<Null>,<Null>,<Null>,<Null>,<Null>,<Null>,<Null>,<Null>,<Null>,<Null>,D32,51,Willowdale East (51),13519,51
-8840280.735,5430254.706,80772520,7000337987,2017,2017/02/23 05:00:00+00,1200,12,YONGE ST,NORTON AVE,<Null>,Major Arterial,North York,18,32,43.772185,-79.413593,Intersection,At Intersection,Stop Sign,Clear,Daylight,Dry,Non-Fatal Injury,Pedestrian Collisions,Pedestrian,80 to 84,Major,<Null>,East,<Null>,<Null>,<Null>,<Null>,Vehicle turns left while ped crosses without ROW at inter.,"Crossing, no Traffic Control",Normal,<Null>,<Null>,<Null>,Yes,<Null>,Yes,<Null>,<Null>,<Null>,<Null>,<Null>,<Null>,<Null>,<Null>,<Null>,<Null>,D32,51,Willowdale East (51),13520,51
-8827792.58,5422943.1,80772736,7000372559,2017,2017/02/23 05:00:00+00,2020,20,EGLINTON AVE E,VICTORIA PARK AVE,<Null>,Major Arterial,Scarborough,"21,20",41,43.724738,-79.30141,Mid-Block,Non Intersection,No Control,Clear,"Dark, artificial",Dry,Non-Fatal Injury,Pedestrian Collisions,Driver,25 to 29,None,<Null>,West,"Automobile, Station Wagon",Going Ahead,Driving Properly,Unknown,<Null>,<Null>,<Null>,<Null>,<Null>,<Null>,Yes,<Null>,Yes,<Null>,<Null>,<Null>,<Null>,<Null>,<Null>,<Null>,<Null>,<Null>,<Null>,D41,120,Clairlea-Birchmount (120),13521,120
-8827792.58,5422943.1,80772737,7000372559,2017,2017/02/23 05:00:00+00,2020,20,EGLINTON AVE E,VICTORIA PARK AVE,<Null>,Major Arterial,Scarborough,"21,20",41,43.724738,-79.30141,Mid-Block,Non Intersection,No Control,Clear,"Dark, artificial",Dry,Non-Fatal Injury,Pedestrian Collisions,Pedestrian,85 to 89,Major,<Null>,North,<Null>,<Null>,<Null>,<Null>,Pedestrian hit at mid-block,"Crossing, no Traffic Control",Inattentive,<Null>,<Null>,<Null>,Yes,<Null>,Yes,<Null>,<Null>,<Null>,<Null>,<Null>,<Null>,<Null>,<Null>,<Null>,<Null>,D41,120,Clairlea-Birchmount (120),13522,120
-8842774.291,5409453.714,80772708,7000342920,2017,2017/02/24 05:00:00+00,615,6,KING ST W,JAMESON AVE,8 m East of,Major Arterial,Toronto and East York,4,14,43.637103,-79.435993,Intersection,At Intersection,Traffic Signal,Rain,Dawn,Wet,Non-Fatal Injury,Pedestrian Collisions,Driver,50 to 54,None,<Null>,South,"Automobile, Station Wagon",Turning Left,Failed to Yield Right of Way,Normal,<Null>,<Null>,<Null>,<Null>,<Null>,<Null>,Yes,<Null>,Yes,<Null>,<Null>,<Null>,<Null>,<Null>,<Null>,Yes,<Null>,<Null>,<Null>,D14,85,South Parkdale (85),13523,85
-8842774.291,5409453.714,80772709,7000342920,2017,2017/02/24 05:00:00+00,615,6,KING ST W,JAMESON AVE,8 m East of,Major Arterial,Toronto and East York,4,14,43.637103,-79.435993,Intersection,At Intersection,Traffic Signal,Rain,Dawn,Wet,Non-Fatal Injury,Pedestrian Collisions,Pedestrian,55 to 59,Major,<Null>,North,<Null>,<Null>,<Null>,<Null>,Vehicle turns left while ped crosses with ROW at inter.,Crossing with right of way,Normal,<Null>,<Null>,<Null>,Yes,<Null>,Yes,<Null>,<Null>,<Null>,<Null>,<Null>,<Null>,Yes,<Null>,<Null>,<Null>,D14,85,South Parkdale (85),13524,85
-8843350.926,5418121.231,80771840,7000346961,2017,2017/02/24 05:00:00+00,1818,18,OAKWOOD AVE,STRADER AVE,7 m South of,Minor Arterial,Toronto and East York,12,13,43.693427,-79.441173,Intersection,At Intersection,No Control,Clear,"Dark, artificial",Dry,Non-Fatal Injury,Pedestrian Collisions,Driver,70 to 74,None,<Null>,South,"Automobile, Station Wagon",Going Ahead,Driving Properly,Normal,<Null>,<Null>,<Null>,<Null>,<Null>,<Null>,Yes,<Null>,Yes,<Null>,<Null>,<Null>,<Null>,<Null>,<Null>,<Null>,<Null>,<Null>,<Null>,D13,107,Oakwood Village (107),13525,107
-8843350.926,5418121.231,80771841,7000346961,2017,2017/02/24 05:00:00+00,1818,18,OAKWOOD AVE,STRADER AVE,7 m South of,Minor Arterial,Toronto and East York,12,13,43.693427,-79.441173,Intersection,At Intersection,No Control,Clear,"Dark, artificial",Dry,Non-Fatal Injury,Pedestrian Collisions,Pedestrian,25 to 29,Major,<Null>,West,<Null>,<Null>,<Null>,<Null>,Vehicle is going straight thru inter.while ped cross without ROW,"Crossing, no Traffic Control",Had Been Drinking,<Null>,<Null>,<Null>,Yes,<Null>,Yes,<Null>,<Null>,<Null>,<Null>,<Null>,<Null>,<Null>,<Null>,<Null>,<Null>,D13,107,Oakwood Village (107),13526,107
-8821852.572,5424774.195,80772188,7000355242,2017,2017/02/26 05:00:00+00,300,3,EGLINTON AVE E,BRIMLEY RD,30 m East of,Major Arterial,Scarborough,"21,20","41,43",43.736624,-79.24805,Mid-Block,Intersection Related,No Control,Clear,"Dark, artificial",Dry,Non-Fatal Injury,Rear End,Driver,20 to 24,Minimal,<Null>,East,"Automobile, Station Wagon",Going Ahead,Exceeding Speed Limit,"Ability Impaired, Alcohol Over .08",<Null>,<Null>,<Null>,<Null>,<Null>,<Null>,<Null>,<Null>,Yes,<Null>,<Null>,<Null>,<Null>,Yes,Yes,Yes,<Null>,Yes,<Null>,D41,138,Eglinton East (138),13527,138
-8821852.572,5424774.195,80772189,7000355242,2017,2017/02/26 05:00:00+00,300,3,EGLINTON AVE E,BRIMLEY RD,30 m East of,Major Arterial,Scarborough,"21,20","41,43",43.736624,-79.24805,Mid-Block,Intersection Related,No Control,Clear,"Dark, artificial",Dry,Non-Fatal Injury,Rear End,Driver,45 to 49,Major,<Null>,East,"Automobile, Station Wagon",Going Ahead,Driving Properly,Normal,<Null>,<Null>,<Null>,<Null>,<Null>,<Null>,<Null>,<Null>,Yes,<Null>,<Null>,<Null>,<Null>,Yes,Yes,Yes,<Null>,Yes,<Null>,D41,138,Eglinton East (138),13528,138
-8821852.572,5424774.195,80772190,7000355242,2017,2017/02/26 05:00:00+00,300,3,EGLINTON AVE E,BRIMLEY RD,30 m East of,Major Arterial,Scarborough,"21,20","41,43",43.736624,-79.24805,Mid-Block,Intersection Related,No Control,Clear,"Dark, artificial",Dry,Non-Fatal Injury,Rear End,Passenger,20 to 24,Major,<Null>,<Null>,<Null>,<Null>,<Null>,<Null>,<Null>,<Null>,<Null>,<Null>,<Null>,<Null>,<Null>,<Null>,Yes,<Null>,<Null>,<Null>,<Null>,Yes,Yes,Yes,<Null>,Yes,<Null>,D41,138,Eglinton East (138),13529,138
-8821852.572,5424774.195,80772191,7000355242,2017,2017/02/26 05:00:00+00,300,3,EGLINTON AVE E,BRIMLEY RD,30 m East of,Major Arterial,Scarborough,"21,20","41,43",43.736624,-79.24805,Mid-Block,Intersection Related,No Control,Clear,"Dark, artificial",Dry,Non-Fatal Injury,Rear End,Passenger,20 to 24,None,<Null>,<Null>,<Null>,<Null>,<Null>,<Null>,<Null>,<Null>,<Null>,<Null>,<Null>,<Null>,<Null>,<Null>,Yes,<Null>,<Null>,<Null>,<Null>,Yes,Yes,Yes,<Null>,Yes,<Null>,D41,138,Eglinton East (138),13530,138
-8821852.572,5424774.195,80772192,7000355242,2017,2017/02/26 05:00:00+00,300,3,EGLINTON AVE E,BRIMLEY RD,30 m East of,Major Arterial,Scarborough,"21,20","41,43",43.736624,-79.24805,Mid-Block,Intersection Related,No Control,Clear,"Dark, artificial",Dry,Non-Fatal Injury,Rear End,Passenger,20 to 24,Minor,<Null>,<Null>,<Null>,<Null>,<Null>,<Null>,<Null>,<Null>,<Null>,<Null>,<Null>,<Null>,<Null>,<Null>,Yes,<Null>,<Null>,<Null>,<Null>,Yes,Yes,Yes,<Null>,Yes,<Null>,D41,138,Eglinton East (138),13531,138
-8838604.152,5412838.716,80772592,7000366630,2017,2017/02/26 05:00:00+00,2311,23,215 HURON ST,<Null>,20 m South of,Local,Toronto and East York,11,52,43.659106,-79.398532,Mid-Block,Non Intersection,No Control,Clear,"Dark, artificial",Dry,Non-Fatal Injury,Cyclist Collisions,Driver,45 to 49,None,<Null>,North,"Automobile, Station Wagon",Going Ahead,Other,Inattentive,<Null>,<Null>,<Null>,<Null>,<Null>,<Null>,<Null>,Yes,Yes,<Null>,<Null>,<Null>,<Null>,Yes,<Null>,<Null>,<Null>,<Null>,<Null>,D52,79,University (79),13532,79
-8838604.152,5412838.716,80772593,7000366630,2017,2017/02/26 05:00:00+00,2311,23,215 HURON ST,<Null>,20 m South of,Local,Toronto and East York,11,52,43.659106,-79.398532,Mid-Block,Non Intersection,No Control,Clear,"Dark, artificial",Dry,Non-Fatal Injury,Cyclist Collisions,Cyclist,25 to 29,Major,<Null>,South,Bicycle,Going Ahead,<Null>,<Null>,<Null>,<Null>,<Null>,Insufficient information (to determine cyclist crash type).,Other,Inattentive,<Null>,Yes,Yes,<Null>,<Null>,<Null>,<Null>,Yes,<Null>,<Null>,<Null>,<Null>,<Null>,D52,79,University (79),13533,79
-8838604.152,5412838.716,80772594,7000366630,2017,2017/02/26 05:00:00+00,2311,23,215 HURON ST,<Null>,20 m South of,Local,Toronto and East York,11,52,43.659106,-79.398532,Mid-Block,Non Intersection,No Control,Clear,"Dark, artificial",Dry,Non-Fatal Injury,Cyclist Collisions,Passenger,20 to 24,None,<Null>,<Null>,<Null>,<Null>,<Null>,<Null>,<Null>,<Null>,<Null>,<Null>,<Null>,<Null>,<Null>,Yes,Yes,<Null>,<Null>,<Null>,<Null>,Yes,<Null>,<Null>,<Null>,<Null>,<Null>,D52,79,University (79),13534,79
-8828417.639,5438187.266,80937512,7000372975,2017,2017/02/28 05:00:00+00,2122,21,STEELES AVE E,KENNEDY RD,<Null>,Major Arterial,Scarborough,22,42,43.823619,-79.307025,Intersection,At Intersection,Traffic Signal,Rain,"Dark, artificial",Wet,Non-Fatal Injury,Pedestrian Collisions,Driver,45 to 49,None,<Null>,East,"Automobile, Station Wagon",Turning Left,Failed to Yield Right of Way,Normal,<Null>,<Null>,<Null>,<Null>,<Null>,<Null>,Yes,<Null>,Yes,<Null>,<Null>,<Null>,<Null>,<Null>,<Null>,Yes,<Null>,<Null>,<Null>,D42,130,Milliken (130),13535,130
-8828417.639,5438187.266,80937513,7000372975,2017,2017/02/28 05:00:00+00,2122,21,STEELES AVE E,KENNEDY RD,<Null>,Major Arterial,Scarborough,22,42,43.823619,-79.307025,Intersection,At Intersection,Traffic Signal,Rain,"Dark, artificial",Wet,Non-Fatal Injury,Pedestrian Collisions,Pedestrian,50 to 54,Major,<Null>,East,<Null>,<Null>,<Null>,<Null>,Vehicle turns left while ped crosses with ROW at inter.,Crossing with right of way,Normal,<Null>,<Null>,<Null>,Yes,<Null>,Yes,<Null>,<Null>,<Null>,<Null>,<Null>,<Null>,Yes,<Null>,<Null>,<Null>,D42,130,Milliken (130),13536,130
-8850972.527,5425232.719,80681704,7000395986,2017,2017/03/04 05:00:00+00,1001,10,SHEPPARD AVE W,MAGELLAN DR,<Null>,Major Arterial,Etobicoke York,"7,6",31,43.7396,-79.509639,Intersection,At Intersection,Traffic Signal,Clear,Daylight,Dry,Fatal,Pedestrian Collisions,Driver,20 to 24,None,<Null>,East,"Automobile, Station Wagon",Going Ahead,Disobeyed Traffic Control,Inattentive,<Null>,<Null>,<Null>,<Null>,<Null>,<Null>,Yes,<Null>,Yes,<Null>,<Null>,<Null>,<Null>,<Null>,<Null>,Yes,Yes,<Null>,<Null>,D31,25,Glenfield-Jane Heights (25),13537,25
-8850972.527,5425232.719,80681706,7000395986,2017,2017/03/04 05:00:00+00,1001,10,SHEPPARD AVE W,MAGELLAN DR,<Null>,Major Arterial,Etobicoke York,"7,6",31,43.7396,-79.509639,Intersection,At Intersection,Traffic Signal,Clear,Daylight,Dry,Fatal,Pedestrian Collisions,Pedestrian,5 to 9,Minor,<Null>,North,<Null>,<Null>,<Null>,<Null>,Vehicle is going straight thru inter.while ped cross with ROW,Crossing with right of way,Normal,<Null>,<Null>,<Null>,Yes,<Null>,Yes,<Null>,<Null>,<Null>,<Null>,<Null>,<Null>,Yes,Yes,<Null>,<Null>,D31,25,Glenfield-Jane Heights (25),13538,25
-8850972.527,5425232.719,80681738,7000395986,2017,2017/03/04 05:00:00+00,1001,10,SHEPPARD AVE W,MAGELLAN DR,<Null>,Major Arterial,Etobicoke York,"7,6",31,43.7396,-79.509639,Intersection,At Intersection,Traffic Signal,Clear,Daylight,Dry,Fatal,Pedestrian Collisions,Pedestrian,5 to 9,Fatal,11,North,<Null>,<Null>,<Null>,<Null>,Vehicle is going straight thru inter.while ped cross with ROW,Crossing with right of way,Normal,<Null>,<Null>,<Null>,Yes,<Null>,Yes,<Null>,<Null>,<Null>,<Null>,<Null>,<Null>,Yes,Yes,<Null>,<Null>,D31,25,Glenfield-Jane Heights (25),13539,25
-8862368.414,5422279.676,80681743,7000396718,2017,2017/03/04 05:00:00+00,1249,12,REXDALE BLVD,RAMP TO ENTRANCE RD,6.5 m West of,Major Arterial,Etobicoke York,1,23,43.720431,-79.61201,Mid-Block,Non Intersection,No Control,Clear,Daylight,Dry,Fatal,Pedestrian Collisions,Pedestrian,90 to 94,Fatal,14,South,<Null>,<Null>,<Null>,<Null>,Pedestrian hit at mid-block,"Crossing, no Traffic Control",Inattentive,<Null>,<Null>,<Null>,Yes,<Null>,Yes,<Null>,<Null>,<Null>,<Null>,<Null>,<Null>,<Null>,<Null>,<Null>,<Null>,D23,1,West Humber-Clairville (1),13540,1
-8862368.414,5422279.676,80681744,7000396718,2017,2017/03/04 05:00:00+00,1249,12,REXDALE BLVD,RAMP TO ENTRANCE RD,6.5 m West of,Major Arterial,Etobicoke York,1,23,43.720431,-79.61201,Mid-Block,Non Intersection,No Control,Clear,Daylight,Dry,Fatal,Pedestrian Collisions,Driver,75 to 79,None,<Null>,East,Passenger Van,Going Ahead,Driving Properly,Normal,<Null>,<Null>,<Null>,<Null>,<Null>,<Null>,Yes,<Null>,Yes,<Null>,<Null>,<Null>,<Null>,<Null>,<Null>,<Null>,<Null>,<Null>,<Null>,D23,1,West Humber-Clairville (1),13541,1
-8846754.075,5411753.99,80681696,7000416403,2017,2017/03/07 05:00:00+00,1538,15,BLOOR ST W,KENNEDY PARK RD,8.6 m East of,Major Arterial,Toronto and East York,4,11,43.652056,-79.471744,Intersection,Intersection Related,No Control,Clear,Daylight,Dry,Fatal,Approaching,Driver,30 to 34,None,<Null>,West,"Automobile, Station Wagon",Overtaking,Improper Passing,Unknown,<Null>,<Null>,<Null>,<Null>,<Null>,<Null>,<Null>,<Null>,Yes,<Null>,<Null>,<Null>,<Null>,Yes,Yes,Yes,<Null>,<Null>,<Null>,D11,87,High Park-Swansea (87),13542,87
-8846754.075,5411753.99,80681700,7000416403,2017,2017/03/07 05:00:00+00,1538,15,BLOOR ST W,KENNEDY PARK RD,8.6 m East of,Major Arterial,Toronto and East York,4,11,43.652056,-79.471744,Intersection,Intersection Related,No Control,Clear,Daylight,Dry,Fatal,Approaching,Driver,80 to 84,None,<Null>,East,"Automobile, Station Wagon",Going Ahead,Driving Properly,Normal,<Null>,<Null>,<Null>,<Null>,<Null>,<Null>,<Null>,<Null>,Yes,<Null>,<Null>,<Null>,<Null>,Yes,Yes,Yes,<Null>,<Null>,<Null>,D11,87,High Park-Swansea (87),13543,87
-8846754.075,5411753.99,80681701,7000416403,2017,2017/03/07 05:00:00+00,1538,15,BLOOR ST W,KENNEDY PARK RD,8.6 m East of,Major Arterial,Toronto and East York,4,11,43.652056,-79.471744,Intersection,Intersection Related,No Control,Clear,Daylight,Dry,Fatal,Approaching,Passenger,35 to 39,Fatal,10,<Null>,"Automobile, Station Wagon",<Null>,<Null>,<Null>,<Null>,<Null>,<Null>,<Null>,<Null>,<Null>,<Null>,<Null>,Yes,<Null>,<Null>,<Null>,<Null>,Yes,Yes,Yes,<Null>,<Null>,<Null>,D11,87,High Park-Swansea (87),13544,87
-8846754.075,5411753.99,80681702,7000416403,2017,2017/03/07 05:00:00+00,1538,15,BLOOR ST W,KENNEDY PARK RD,8.6 m East of,Major Arterial,Toronto and East York,4,11,43.652056,-79.471744,Intersection,Intersection Related,No Control,Clear,Daylight,Dry,Fatal,Approaching,Driver,20 to 24,None,<Null>,East,"Automobile, Station Wagon",Going Ahead,Driving Properly,Normal,<Null>,<Null>,<Null>,<Null>,<Null>,<Null>,<Null>,<Null>,Yes,<Null>,<Null>,<Null>,<Null>,Yes,Yes,Yes,<Null>,<Null>,<Null>,D11,87,High Park-Swansea (87),13545,87
-8846754.075,5411753.99,80681703,7000416403,2017,2017/03/07 05:00:00+00,1538,15,BLOOR ST W,KENNEDY PARK RD,8.6 m East of,Major Arterial,Toronto and East York,4,11,43.652056,-79.471744,Intersection,Intersection Related,No Control,Clear,Daylight,Dry,Fatal,Approaching,Passenger,35 to 39,None,<Null>,<Null>,"Automobile, Station Wagon",<Null>,<Null>,<Null>,<Null>,<Null>,<Null>,<Null>,<Null>,<Null>,<Null>,<Null>,Yes,<Null>,<Null>,<Null>,<Null>,Yes,Yes,Yes,<Null>,<Null>,<Null>,D11,87,High Park-Swansea (87),13546,87
-8838259.396,5418006.687,80741181,7000419004,2017,2017/03/08 05:00:00+00,36,0,YONGE ST,MERTON ST,386 m South of,Major Arterial,Toronto and East York,12,53,43.692683,-79.395435,Mid-Block,Non Intersection,No Control,Clear,"Dark, artificial",Dry,Non-Fatal Injury,SMV Other,Driver,30 to 34,Major,<Null>,North,"Automobile, Station Wagon",Going Ahead,Other,"Ability Impaired, Alcohol",<Null>,<Null>,<Null>,<Null>,<Null>,<Null>,<Null>,<Null>,Yes,<Null>,<Null>,<Null>,<Null>,<Null>,<Null>,<Null>,<Null>,Yes,<Null>,D53,99,Mount Pleasant East (99),13547,99
-8838769.795,5412659.612,80890343,7000432401,2017,2017/03/10 05:00:00+00,204,2,SPADINA AV,COLLEGE ST,20 m North of,Major Arterial,Toronto and East York,11,"52,14",43.657942,-79.40002,Mid-Block,Non Intersection,No Control,Clear,"Dark, artificial",Dry,Non-Fatal Injury,Rear End,Passenger,25 to 29,Major,<Null>,<Null>,<Null>,<Null>,<Null>,<Null>,<Null>,<Null>,<Null>,<Null>,<Null>,<Null>,<Null>,<Null>,Yes,<Null>,<Null>,<Null>,<Null>,Yes,Yes,Yes,<Null>,<Null>,<Null>,D52,79,University (79),13548,79
-8838769.795,5412659.612,80890344,7000432401,2017,2017/03/10 05:00:00+00,204,2,SPADINA AV,COLLEGE ST,20 m North of,Major Arterial,Toronto and East York,11,"52,14",43.657942,-79.40002,Mid-Block,Non Intersection,No Control,Clear,"Dark, artificial",Dry,Non-Fatal Injury,Rear End,Driver,35 to 39,Minor,<Null>,North,"Automobile, Station Wagon",Going Ahead,Improper Passing,Inattentive,<Null>,<Null>,<Null>,<Null>,<Null>,<Null>,<Null>,<Null>,Yes,<Null>,<Null>,<Null>,<Null>,Yes,Yes,Yes,<Null>,<Null>,<Null>,D52,79,University (79),13549,79
-8810551.752,5431040.964,80775747,7000433628,2017,2017/03/10 05:00:00+00,846,8,LAWRENCE AVE E,CENTENNIAL RD,17 m East of,Minor Arterial,Scarborough,25,43,43.777285,-79.146533,Intersection,At Intersection,Traffic Signal,Clear,Daylight,Dry,Non-Fatal Injury,Rear End,Driver,85 to 89,Major,<Null>,West,"Automobile, Station Wagon",Going Ahead,Lost control,Medical or Physical Disability,<Null>,<Null>,<Null>,<Null>,<Null>,<Null>,<Null>,<Null>,Yes,<Null>,<Null>,<Null>,<Null>,Yes,<Null>,<Null>,<Null>,<Null>,Yes,D43,133,Centennial Scarborough (133),13550,133
-8810551.752,5431040.964,80775748,7000433628,2017,2017/03/10 05:00:00+00,846,8,LAWRENCE AVE E,CENTENNIAL RD,17 m East of,Minor Arterial,Scarborough,25,43,43.777285,-79.146533,Intersection,At Intersection,Traffic Signal,Clear,Daylight,Dry,Non-Fatal Injury,Rear End,Driver,35 to 39,None,<Null>,West,"Automobile, Station Wagon",Stopped,Driving Properly,Normal,<Null>,<Null>,<Null>,<Null>,<Null>,<Null>,<Null>,<Null>,Yes,<Null>,<Null>,<Null>,<Null>,Yes,<Null>,<Null>,<Null>,<Null>,Yes,D43,133,Centennial Scarborough (133),13551,133
-8810551.752,5431040.964,80775802,7000433628,2017,2017/03/10 05:00:00+00,846,8,LAWRENCE AVE E,CENTENNIAL RD,17 m East of,Minor Arterial,Scarborough,25,43,43.777285,-79.146533,Intersection,At Intersection,Traffic Signal,Clear,Daylight,Dry,Non-Fatal Injury,Rear End,Passenger,45 to 49,Minor,<Null>,<Null>,<Null>,<Null>,<Null>,<Null>,<Null>,<Null>,<Null>,<Null>,<Null>,<Null>,<Null>,<Null>,Yes,<Null>,<Null>,<Null>,<Null>,Yes,<Null>,<Null>,<Null>,<Null>,Yes,D43,133,Centennial Scarborough (133),13552,133
-8810551.752,5431040.964,80775803,7000433628,2017,2017/03/10 05:00:00+00,846,8,LAWRENCE AVE E,CENTENNIAL RD,17 m East of,Minor Arterial,Scarborough,25,43,43.777285,-79.146533,Intersection,At Intersection,Traffic Signal,Clear,Daylight,Dry,Non-Fatal Injury,Rear End,Passenger,0 to 4,Minor,<Null>,<Null>,<Null>,<Null>,<Null>,<Null>,<Null>,<Null>,<Null>,<Null>,<Null>,<Null>,<Null>,<Null>,Yes,<Null>,<Null>,<Null>,<Null>,Yes,<Null>,<Null>,<Null>,<Null>,Yes,D43,133,Centennial Scarborough (133),13553,133
-8824776.713,5436505.765,80775127,7000451642,2017,2017/03/13 04:00:00+00,1006,10,BRIMWOOD BLVD,WELLPARK BLVD,4 m East of,Collector,Scarborough,23,42,43.81272,-79.274318,Intersection,At Intersection,Stop Sign,Clear,Daylight,Dry,Non-Fatal Injury,Cyclist Collisions,Cyclist,70 to 74,Major,<Null>,South,Bicycle,Turning Left,<Null>,<Null>,<Null>,<Null>,<Null>,Cyclist turned left across motorists path.,Failed to Yield Right of Way,Inattentive,<Null>,Yes,Yes,<Null>,<Null>,<Null>,<Null>,<Null>,<Null>,<Null>,<Null>,<Null>,<Null>,D42,129,Agincourt North (129),13554,129
-8824776.713,5436505.765,80775128,7000451642,2017,2017/03/13 04:00:00+00,1006,10,BRIMWOOD BLVD,WELLPARK BLVD,4 m East of,Collector,Scarborough,23,42,43.81272,-79.274318,Intersection,At Intersection,Stop Sign,Clear,Daylight,Dry,Non-Fatal Injury,Cyclist Collisions,Driver,45 to 49,None,<Null>,East,"Automobile, Station Wagon",Going Ahead,Driving Properly,Normal,<Null>,<Null>,<Null>,<Null>,<Null>,<Null>,<Null>,Yes,Yes,<Null>,<Null>,<Null>,<Null>,<Null>,<Null>,<Null>,<Null>,<Null>,<Null>,D42,129,Agincourt North (129),13555,129
-8846492.474,5422599.291,80775506,7000452997,2017,2017/03/13 04:00:00+00,1405,14,CALEDONIA RD,BRIDGELAND AVE,176 m South of,Minor Arterial,North York,8,32,43.722506,-79.469394,Mid-Block,Non Intersection,No Control,Snow,Daylight,Wet,Non-Fatal Injury,Rear End,Driver,30 to 34,None,<Null>,South,"Automobile, Station Wagon",Going Ahead,Speed too Fast For Condition,Inattentive,<Null>,<Null>,<Null>,<Null>,<Null>,<Null>,<Null>,<Null>,Yes,<Null>,<Null>,<Null>,<Null>,<Null>,Yes,Yes,<Null>,<Null>,<Null>,D32,31,Yorkdale-Glen Park (31),13556,31
-8846492.474,5422599.291,80775507,7000452997,2017,2017/03/13 04:00:00+00,1405,14,CALEDONIA RD,BRIDGELAND AVE,176 m South of,Minor Arterial,North York,8,32,43.722506,-79.469394,Mid-Block,Non Intersection,No Control,Snow,Daylight,Wet,Non-Fatal Injury,Rear End,Driver,40 to 44,Major,<Null>,South,"Automobile, Station Wagon",Slowing or Stopping,Driving Properly,Normal,<Null>,<Null>,<Null>,<Null>,<Null>,<Null>,<Null>,<Null>,Yes,<Null>,<Null>,<Null>,<Null>,<Null>,Yes,Yes,<Null>,<Null>,<Null>,D32,31,Yorkdale-Glen Park (31),13557,31
-8824666.284,5434286.914,80775986,7000466331,2017,2017/03/15 04:00:00+00,1658,16,BRIMLEY RD,HUNTINGWOOD DR,<Null>,Major Arterial,Scarborough,23,42,43.798335,-79.273326,Intersection,At Intersection,Traffic Signal,Clear,Daylight,Dry,Non-Fatal Injury,Angle,Driver,15 to 19,Minimal,<Null>,South,"Automobile, Station Wagon",Going Ahead,Disobeyed Traffic Control,Inattentive,<Null>,<Null>,<Null>,<Null>,<Null>,<Null>,<Null>,<Null>,Yes,<Null>,<Null>,<Null>,<Null>,Yes,<Null>,Yes,Yes,<Null>,<Null>,D42,129,Agincourt North (129),13558,129
-8824666.284,5434286.914,80775987,7000466331,2017,2017/03/15 04:00:00+00,1658,16,BRIMLEY RD,HUNTINGWOOD DR,<Null>,Major Arterial,Scarborough,23,42,43.798335,-79.273326,Intersection,At Intersection,Traffic Signal,Clear,Daylight,Dry,Non-Fatal Injury,Angle,Driver,30 to 34,Major,<Null>,East,"Automobile, Station Wagon",Going Ahead,Driving Properly,Normal,<Null>,<Null>,<Null>,<Null>,<Null>,<Null>,<Null>,<Null>,Yes,<Null>,<Null>,<Null>,<Null>,Yes,<Null>,Yes,Yes,<Null>,<Null>,D42,129,Agincourt North (129),13559,129