X,Y,INDEX_,ACCNUM,YEAR,DATE,TIME,HOUR,STREET1,STREET2,OFFSET,ROAD_CLASS,DISTRICT,WARDNUM,DIVISION,LATITUDE,LONGITUDE,LOCCOORD,ACCLOC,TRAFFCTL,VISIBILITY,LIGHT,RDSFCOND,ACCLASS,IMPACTYPE,INVTYPE,INVAGE,INJURY,FATAL_NO,INITDIR,VEHTYPE,MANOEUVER,DRIVACT,DRIVCOND,PEDTYPE,PEDACT,PEDCOND,CYCLISTYPE,CYCACT,CYCCOND,PEDESTRIAN,CYCLIST,AUTOMOBILE,MOTORCYCLE,TRUCK,TRSN_CITY_VEH,EMERG_VEH,PASSENGER,SPEEDING,AG_DRIV,REDLIGHT,ALCOHOL,DISABILITY,POLICE_DIVISION,HOOD_ID,NEIGHBOURHOOD,ObjectId,VEHICLES_IN_STREET
-8846564.609,5432571.429,80931234,7000036465,2017,2017/01/07 05:00:00+00,16,0,DUFFERIN ST,STEELES AVE W,<Null>,Major Arterial,North York,6,32,43.787211,-79.470042,Intersection,At Intersection,Traffic Signal,Clear,"Dark, artificial",Dry,Non-Fatal Injury,Angle,Driver,65 to 69,Major,<Null>,North,Pick Up Truck,Going Ahead,Driving Properly,Normal,<Null>,<Null>,<Null>,<Null>,<Null>,<Null>,<Null>,<Null>,Yes,<Null>,<Null>,<Null>,<Null>,<Null>,Yes,Yes,Yes,Yes,<Null>,D32,34,Bathurst Manor (34),13632,34
-8846564.609,5432571.429,80931235,7000036465,2017,2017/01/07 05:00:00+00,16,0,DUFFERIN ST,STEELES AVE W,<Null>,Major Arterial,North York,6,32,43.787211,-79.470042,Intersection,At Intersection,Traffic Signal,Clear,"Dark, artificial",Dry,Non-Fatal Injury,Angle,Driver,35 to 39,Minimal,<Null>,East,"Automobile, Station Wagon",Going Ahead,Disobeyed Traffic Control,"Ability Impaired, Alcohol Over .08",<Null>,<Null>,<Null>,<Null>,<Null>,<Null>,<Null>,<Null>,Yes,<Null>,<Null>,<Null>,<Null>,<Null>,Yes,Yes,Yes,Yes,<Null>,D32,34,Bathurst Manor (34),13633,34
-8852546.25,5410735.847,80734974,7000041411,2017,2017/01/07 05:00:00+00,2222,22,ISLINGTON AVE,ABERFOYLE CRES,5 m South of,Major Arterial,Etobicoke York,3,22,43.645438,-79.523776,Intersection,At Intersection,No Control,Clear,"Dark, artificial",Dry,Non-Fatal Injury,Rear End,Driver,20 to 24,Minor,<Null>,North,"Automobile, Station Wagon",Going Ahead,Following too Close,Inattentive,<Null>,<Null>,<Null>,<Null>,<Null>,<Null>,<Null>,<Null>,Yes,<Null>,<Null>,<Null>,<Null>,Yes,<Null>,Yes,<Null>,<Null>,<Null>,D22,14,Islington-City Centre West (14),13634,14
-8852546.25,5410735.847,80734975,7000041411,2017,2017/01/07 05:00:00+00,2222,22,ISLINGTON AVE,ABERFOYLE CRES,5 m South of,Major Arterial,Etobicoke York,3,22,43.645438,-79.523776,Intersection,At Intersection,No Control,Clear,"Dark, artificial",Dry,Non-Fatal Injury,Rear End,Driver,60 to 64,None,<Null>,North,Pick Up Truck,Slowing or Stopping,Driving Properly,Normal,<Null>,<Null>,<Null>,<Null>,<Null>,<Null>,<Null>,<Null>,Yes,<Null>,<Null>,<Null>,<Null>,Yes,<Null>,Yes,<Null>,<Null>,<Null>,D22,14,Islington-City Centre West (14),13635,14
-8852546.25,5410735.847,80734976,7000041411,2017,2017/01/07 05:00:00+00,2222,22,ISLINGTON AVE,ABERFOYLE CRES,5 m South of,Major Arterial,Etobicoke York,3,22,43.645438,-79.523776,Intersection,At Intersection,No Control,Clear,"Dark, artificial",Dry,Non-Fatal Injury,Rear End,Passenger,20 to 24,Major,<Null>,<Null>,<Null>,<Null>,<Null>,<Null>,<Null>,<Null>,<Null>,<Null>,<Null>,<Null>,<Null>,<Null>,Yes,<Null>,<Null>,<Null>,<Null>,Yes,<Null>,Yes,<Null>,<Null>,<Null>,D22,14,Islington-City Centre West (14),13636,14
-8852546.25,5410735.847,80734977,7000041411,2017,2017/01/07 05:00:00+00,2222,22,ISLINGTON AVE,ABERFOYLE CRES,5 m South of,Major Arterial,Etobicoke York,3,22,43.645438,-79.523776,Intersection,At Intersection,No Control,Clear,"Dark, artificial",Dry,Non-Fatal Injury,Rear End,Passenger,60 to 64,None,<Null>,<Null>,<Null>,<Null>,<Null>,<Null>,<Null>,<Null>,<Null>,<Null>,<Null>,<Null>,<Null>,<Null>,Yes,<Null>,<Null>,<Null>,<Null>,Yes,<Null>,Yes,<Null>,<Null>,<Null>,D22,14,Islington-City Centre West (14),13637,14
-8840653.544,5416025.933,80776087,7000044336,2017,2017/01/08 05:00:00+00,1311,13,BATHURST ST,NINA ST,<Null>,Major Arterial,Toronto and East York,12,13,43.679816,-79.416942,Intersection,At Intersection,Traffic Signal,Clear,Daylight,Dry,Non-Fatal Injury,Pedestrian Collisions,Driver,55 to 59,None,<Null>,West,"Automobile, Station Wagon",Turning Left,Failed to Yield Right of Way,Inattentive,<Null>,<Null>,<Null>,<Null>,<Null>,<Null>,Yes,<Null>,Yes,<Null>,<Null>,<Null>,<Null>,<Null>,<Null>,Yes,<Null>,<Null>,<Null>,D13,96,Casa Loma (96),13638,96
-8840653.544,5416025.933,80776088,7000044336,2017,2017/01/08 05:00:00+00,1311,13,BATHURST ST,NINA ST,<Null>,Major Arterial,Toronto and East York,12,13,43.679816,-79.416942,Intersection,At Intersection,Traffic Signal,Clear,Daylight,Dry,Non-Fatal Injury,Pedestrian Collisions,Pedestrian,65 to 69,Major,<Null>,East,<Null>,<Null>,<Null>,<Null>,Vehicle turns left while ped crosses with ROW at inter.,Crossing with right of way,Normal,<Null>,<Null>,<Null>,Yes,<Null>,Yes,<Null>,<Null>,<Null>,<Null>,<Null>,<Null>,Yes,<Null>,<Null>,<Null>,D13,96,Casa Loma (96),13639,96
-8840653.544,5416025.933,80776089,7000044336,2017,2017/01/08 05:00:00+00,1311,13,BATHURST ST,NINA ST,<Null>,Major Arterial,Toronto and East York,12,13,43.679816,-79.416942,Intersection,At Intersection,Traffic Signal,Clear,Daylight,Dry,Non-Fatal Injury,Pedestrian Collisions,Pedestrian,55 to 59,Major,<Null>,East,<Null>,<Null>,<Null>,<Null>,Vehicle turns left while ped crosses with ROW at inter.,Crossing with right of way,Normal,<Null>,<Null>,<Null>,Yes,<Null>,Yes,<Null>,<Null>,<Null>,<Null>,<Null>,<Null>,Yes,<Null>,<Null>,<Null>,D13,96,Casa Loma (96),13640,96
-8826263.83,5429022.113,80609325,7000045777,2017,2017/01/08 05:00:00+00,1829,18,ELLESMERE RD,MONDEO DR,<Null>,Major Arterial,Scarborough,21,41,43.764189,-79.287677,Intersection,At Intersection,Traffic Signal,Clear,"Dark, artificial",Dry,Fatal,Pedestrian Collisions,Driver,25 to 29,None,<Null>,West,"Automobile, Station Wagon",Going Ahead,Driving Properly,Normal,<Null>,<Null>,<Null>,<Null>,<Null>,<Null>,Yes,<Null>,Yes,<Null>,<Null>,<Null>,<Null>,<Null>,<Null>,<Null>,<Null>,<Null>,<Null>,D41,126,Dorset Park (126),13641,126
-8826263.83,5429022.113,80609326,7000045777,2017,2017/01/08 05:00:00+00,1829,18,ELLESMERE RD,MONDEO DR,<Null>,Major Arterial,Scarborough,21,41,43.764189,-79.287677,Intersection,At Intersection,Traffic Signal,Clear,"Dark, artificial",Dry,Fatal,Pedestrian Collisions,Pedestrian,75 to 79,Fatal,2,North,<Null>,<Null>,<Null>,<Null>,Vehicle is going straight thru inter.while ped cross without ROW,Crossing without right of way,Inattentive,<Null>,<Null>,<Null>,Yes,<Null>,Yes,<Null>,<Null>,<Null>,<Null>,<Null>,<Null>,<Null>,<Null>,<Null>,<Null>,D41,126,Dorset Park (126),13642,126
-8835974.786,5411619.062,80774962,7000058719,2017,2017/01/10 05:00:00+00,2003,20,ADELAIDE ST E,CHURCH ST,<Null>,Major Arterial,Toronto and East York,13,51,43.651179,-79.374912,Intersection,At Intersection,Traffic Signal,Rain,"Dark, artificial",Wet,Non-Fatal Injury,Pedestrian Collisions,Driver,55 to 59,None,<Null>,East,"Automobile, Station Wagon",Going Ahead,Driving Properly,Normal,<Null>,<Null>,<Null>,<Null>,<Null>,<Null>,Yes,<Null>,Yes,<Null>,<Null>,<Null>,<Null>,Yes,<Null>,<Null>,<Null>,<Null>,<Null>,D51,75,Church-Yonge Corridor (75),13643,75
-8835974.786,5411619.062,80774963,7000058719,2017,2017/01/10 05:00:00+00,2003,20,ADELAIDE ST E,CHURCH ST,<Null>,Major Arterial,Toronto and East York,13,51,43.651179,-79.374912,Intersection,At Intersection,Traffic Signal,Rain,"Dark, artificial",Wet,Non-Fatal Injury,Pedestrian Collisions,Pedestrian,50 to 54,Major,<Null>,North,<Null>,<Null>,<Null>,<Null>,Vehicle is going straight thru inter.while ped cross without ROW,Crossing without right of way,Normal,<Null>,<Null>,<Null>,Yes,<Null>,Yes,<Null>,<Null>,<Null>,<Null>,Yes,<Null>,<Null>,<Null>,<Null>,<Null>,D51,75,Church-Yonge Corridor (75),13644,75
-8835974.786,5411619.062,80774964,7000058719,2017,2017/01/10 05:00:00+00,2003,20,ADELAIDE ST E,CHURCH ST,<Null>,Major Arterial,Toronto and East York,13,51,43.651179,-79.374912,Intersection,At Intersection,Traffic Signal,Rain,"Dark, artificial",Wet,Non-Fatal Injury,Pedestrian Collisions,Passenger,15 to 19,None,<Null>,<Null>,<Null>,<Null>,<Null>,<Null>,<Null>,<Null>,<Null>,<Null>,<Null>,<Null>,Yes,<Null>,Yes,<Null>,<Null>,<Null>,<Null>,Yes,<Null>,<Null>,<Null>,<Null>,<Null>,D51,75,Church-Yonge Corridor (75),13645,75
-8854232.963,5424800.695,80734850,7000072801,2017,2017/01/12 05:00:00+00,2258,22,WESTON RD,VEROBEACH BLVD,252 m South of,Major Arterial,Etobicoke York,7,31,43.736796,-79.538928,Mid-Block,Non Intersection,No Control,Clear,"Dark, artificial",Dry,Non-Fatal Injury,SMV Other,Truck Driver,55 to 59,Major,<Null>,North,"Truck - Closed (Blazer, etc)",Going Ahead,Lost control,Medical or Physical Disability,<Null>,<Null>,<Null>,<Null>,<Null>,<Null>,<Null>,<Null>,<Null>,<Null>,Yes,<Null>,<Null>,<Null>,<Null>,<Null>,<Null>,<Null>,Yes,D31,22,Humbermede (22),13646,22
-8819365.806,5436417.526,80943362,7000084276,2017,2017/01/14 05:00:00+00,1902,19,NEILSON RD,CROW TRL,<Null>,Minor Arterial,Scarborough,"23,25",42,43.812148,-79.225711,Intersection,At Intersection,Traffic Signal,Clear,"Dark, artificial",Dry,Non-Fatal Injury,Turning Movement,Passenger,10 to 14,Major,<Null>,<Null>,<Null>,<Null>,<Null>,<Null>,<Null>,<Null>,<Null>,<Null>,<Null>,<Null>,<Null>,<Null>,Yes,<Null>,<Null>,<Null>,<Null>,Yes,<Null>,<Null>,<Null>,<Null>,<Null>,D42,132,Malvern (132),13647,132
-8819365.806,5436417.526,80943363,7000084276,2017,2017/01/14 05:00:00+00,1902,19,NEILSON RD,CROW TRL,<Null>,Minor Arterial,Scarborough,"23,25",42,43.812148,-79.225711,Intersection,At Intersection,Traffic Signal,Clear,"Dark, artificial",Dry,Non-Fatal Injury,Turning Movement,Passenger,5 to 9,Major,<Null>,<Null>,<Null>,<Null>,<Null>,<Null>,<Null>,<Null>,<Null>,<Null>,<Null>,<Null>,<Null>,<Null>,Yes,<Null>,<Null>,<Null>,<Null>,Yes,<Null>,<Null>,<Null>,<Null>,<Null>,D42,132,Malvern (132),13648,132
-8819365.806,5436417.526,80943364,7000084276,2017,2017/01/14 05:00:00+00,1902,19,NEILSON RD,CROW TRL,<Null>,Minor Arterial,Scarborough,"23,25",42,43.812148,-79.225711,Intersection,At Intersection,Traffic Signal,Clear,"Dark, artificial",Dry,Non-Fatal Injury,Turning Movement,Passenger,10 to 14,Minor,<Null>,<Null>,<Null>,<Null>,<Null>,<Null>,<Null>,<Null>,<Null>,<Null>,<Null>,<Null>,<Null>,<Null>,Yes,<Null>,<Null>,<Null>,<Null>,Yes,<Null>,<Null>,<Null>,<Null>,<Null>,D42,132,Malvern (132),13649,132
-8819365.806,5436417.526,80943365,7000084276,2017,2017/01/14 05:00:00+00,1902,19,NEILSON RD,CROW TRL,<Null>,Minor Arterial,Scarborough,"23,25",42,43.812148,-79.225711,Intersection,At Intersection,Traffic Signal,Clear,"Dark, artificial",Dry,Non-Fatal Injury,Turning Movement,Passenger,15 to 19,Minimal,<Null>,<Null>,<Null>,<Null>,<Null>,<Null>,<Null>,<Null>,<Null>,<Null>,<Null>,<Null>,<Null>,<Null>,Yes,<Null>,<Null>,<Null>,<Null>,Yes,<Null>,<Null>,<Null>,<Null>,<Null>,D42,132,Malvern (132),13650,132
-8819365.806,5436417.526,80943366,7000084276,2017,2017/01/14 05:00:00+00,1902,19,NEILSON RD,CROW TRL,<Null>,Minor Arterial,Scarborough,"23,25",42,43.812148,-79.225711,Intersection,At Intersection,Traffic Signal,Clear,"Dark, artificial",Dry,Non-Fatal Injury,Turning Movement,Driver,20 to 24,Minimal,<Null>,South,"Automobile, Station Wagon",Going Ahead,Driving Properly,Normal,<Null>,<Null>,<Null>,<Null>,<Null>,<Null>,<Null>,<Null>,Yes,<Null>,<Null>,<Null>,<Null>,Yes,<Null>,<Null>,<Null>,<Null>,<Null>,D42,132,Malvern (132),13651,132
-8819365.806,5436417.526,80943367,7000084276,2017,2017/01/14 05:00:00+00,1902,19,NEILSON RD,CROW TRL,<Null>,Minor Arterial,Scarborough,"23,25",42,43.812148,-79.225711,Intersection,At Intersection,Traffic Signal,Clear,"Dark, artificial",Dry,Non-Fatal Injury,Turning Movement,Driver,75 to 79,Minimal,<Null>,North,Pick Up Truck,Turning Left,Improper Turn,Inattentive,<Null>,<Null>,<Null>,<Null>,<Null>,<Null>,<Null>,<Null>,Yes,<Null>,<Null>,<Null>,<Null>,Yes,<Null>,<Null>,<Null>,<Null>,<Null>,D42,132,Malvern (132),13652,132
-8838767.235,5421365.409,80920091,7000090444,2017,2017/01/15 05:00:00+00,2033,20,YONGE  ST,ALBERTUS AVE,6 m South of,Major Arterial,North York,"8,15",53,43.714495,-79.399997,Intersection,Intersection Related,No Control,Clear,"Dark, artificial",Dry,Non-Fatal Injury,Pedestrian Collisions,Pedestrian,45 to 49,Major,<Null>,West,<Null>,<Null>,<Null>,<Null>,Vehicle is going straight thru inter.while ped cross without ROW,Crossing without right of way,Inattentive,<Null>,<Null>,<Null>,Yes,<Null>,Yes,<Null>,<Null>,<Null>,<Null>,<Null>,<Null>,<Null>,<Null>,<Null>,<Null>,D53,99,Mount Pleasant East (99),13653,99
-8838767.235,5421365.409,80920092,7000090444,2017,2017/01/15 05:00:00+00,2033,20,YONGE  ST,ALBERTUS AVE,6 m South of,Major Arterial,North York,"8,15",53,43.714495,-79.399997,Intersection,Intersection Related,No Control,Clear,"Dark, artificial",Dry,Non-Fatal Injury,Pedestrian Collisions,Driver,55 to 59,None,<Null>,North,"Automobile, Station Wagon",Going Ahead,Driving Properly,Normal,<Null>,<Null>,<Null>,<Null>,<Null>,<Null>,Yes,<Null>,Yes,<Null>,<Null>,<Null>,<Null>,<Null>,<Null>,<Null>,<Null>,<Null>,<Null>,D53,99,Mount Pleasant East (99),13654,99
-8836567.562,5411218.751,80734207,7000112853,2017,2017/01/19 05:00:00+00,553,5,KING ST W,BAY ST,<Null>,Major Arterial,Toronto and East York,"10,13",52,43.648577,-79.380237,Intersection,At Intersection,Traffic Signal,Clear,"Dark, artificial",Dry,Non-Fatal Injury,Pedestrian Collisions,Truck Driver,60 to 64,None,<Null>,East,"Truck - Closed (Blazer, etc)",Turning Right,Other,Normal,<Null>,<Null>,<Null>,<Null>,<Null>,<Null>,Yes,<Null>,<Null>,<Null>,Yes,<Null>,<Null>,<Null>,<Null>,<Null>,<Null>,<Null>,<Null>,D52,76,Bay Street Corridor (76),13655,76
-8836567.562,5411218.751,80734257,7000112853,2017,2017/01/19 05:00:00+00,553,5,KING ST W,BAY ST,<Null>,Major Arterial,Toronto and East York,"10,13",52,43.648577,-79.380237,Intersection,At Intersection,Traffic Signal,Clear,"Dark, artificial",Dry,Non-Fatal Injury,Pedestrian Collisions,Pedestrian,40 to 44,Major,<Null>,Unknown,<Null>,<Null>,<Null>,<Null>,Pedestrian hit on sidewalk or shoulder,Other,Inattentive,<Null>,<Null>,<Null>,Yes,<Null>,<Null>,<Null>,Yes,<Null>,<Null>,<Null>,<Null>,<Null>,<Null>,<Null>,<Null>,D52,76,Bay Street Corridor (76),13656,76
-8814628.383,5429905.383,80734346,7000117079,2017,2017/01/19 05:00:00+00,1755,17,COLLINSGROVE RD,LAWRENCE AV E,113 m North of,Collector,Scarborough,25,43,43.769919,-79.183154,Mid-Block,Non Intersection,No Control,Clear,"Dark, artificial",Dry,Non-Fatal Injury,Pedestrian Collisions,Driver,65 to 69,None,<Null>,North,"Automobile, Station Wagon",Going Ahead,Driving Properly,Normal,<Null>,<Null>,<Null>,<Null>,<Null>,<Null>,Yes,<Null>,Yes,<Null>,<Null>,<Null>,<Null>,<Null>,<Null>,<Null>,<Null>,<Null>,<Null>,D43,136,West Hill (136),13657,136
-8814628.383,5429905.383,80734347,7000117079,2017,2017/01/19 05:00:00+00,1755,17,COLLINSGROVE RD,LAWRENCE AV E,113 m North of,Collector,Scarborough,25,43,43.769919,-79.183154,Mid-Block,Non Intersection,No Control,Clear,"Dark, artificial",Dry,Non-Fatal Injury,Pedestrian Collisions,Pedestrian,55 to 59,Major,<Null>,East,<Null>,<Null>,<Null>,<Null>,Pedestrian hit at mid-block,"Crossing, no Traffic Control",Normal,<Null>,<Null>,<Null>,Yes,<Null>,Yes,<Null>,<Null>,<Null>,<Null>,<Null>,<Null>,<Null>,<Null>,<Null>,<Null>,D43,136,West Hill (136),13658,136
-8823837.399,5423343.304,80734404,7000117241,2017,2017/01/19 05:00:00+00,1828,18,KENNEDY RD,MERRIAN RD,30 m North of,Major Arterial,Scarborough,20,41,43.727336,-79.26588,Intersection,At Intersection,Traffic Controller,Clear,"Dark, artificial",Wet,Non-Fatal Injury,Rear End,Driver,20 to 24,None,<Null>,South,"Automobile, Station Wagon",Going Ahead,Exceeding Speed Limit,Normal,<Null>,<Null>,<Null>,<Null>,<Null>,<Null>,<Null>,<Null>,Yes,<Null>,<Null>,<Null>,<Null>,<Null>,Yes,Yes,<Null>,<Null>,<Null>,D41,124,Kennedy Park (124),13659,124
-8823837.399,5423343.304,80734405,7000117241,2017,2017/01/19 05:00:00+00,1828,18,KENNEDY RD,MERRIAN RD,30 m North of,Major Arterial,Scarborough,20,41,43.727336,-79.26588,Intersection,At Intersection,Traffic Controller,Clear,"Dark, artificial",Wet,Non-Fatal Injury,Rear End,Driver,20 to 24,Major,<Null>,South,"Automobile, Station Wagon",Going Ahead,Driving Properly,Normal,<Null>,<Null>,<Null>,<Null>,<Null>,<Null>,<Null>,<Null>,Yes,<Null>,<Null>,<Null>,<Null>,<Null>,Yes,Yes,<Null>,<Null>,<Null>,D41,124,Kennedy Park (124),13660,124
-8845834.242,5418882.436,80734480,7000119447,2017,2017/01/20 05:00:00+00,527,5,CALEDONIA RD,CASTLEFIELD AVE,<Null>,Minor Arterial,North York,8,13,43.698371,-79.463481,Intersection,At Intersection,Traffic Signal,Clear,"Dark, artificial",Dry,Non-Fatal Injury,Angle,Driver,50 to 54,Major,<Null>,North,Other,Going Ahead,Disobeyed Traffic Control,Inattentive,<Null>,<Null>,<Null>,<Null>,<Null>,<Null>,<Null>,<Null>,Yes,<Null>,<Null>,<Null>,<Null>,<Null>,<Null>,Yes,Yes,<Null>,<Null>,D13,108,Briar Hill-Belgravia (108),13661,108
-8845834.242,5418882.436,80734481,7000119447,2017,2017/01/20 05:00:00+00,527,5,CALEDONIA RD,CASTLEFIELD AVE,<Null>,Minor Arterial,North York,8,13,43.698371,-79.463481,Intersection,At Intersection,Traffic Signal,Clear,"Dark, artificial",Dry,Non-Fatal Injury,Angle,Driver,30 to 34,None,<Null>,West,"Automobile, Station Wagon",Going Ahead,Driving Properly,Normal,<Null>,<Null>,<Null>,<Null>,<Null>,<Null>,<Null>,<Null>,Yes,<Null>,<Null>,<Null>,<Null>,<Null>,<Null>,Yes,Yes,<Null>,<Null>,D13,108,Briar Hill-Belgravia (108),13662,108
-8854583.731,5402622.256,80609330,7000125598,2017,2017/01/21 05:00:00+00,40,0,BROWNS LINE,LAKESHORE W BROWNS LI RAMP,20 m North,Major Arterial,Etobicoke York,3,22,43.592673,-79.542079,Mid-Block,Non Intersection,No Control,"Fog, Mist, Smoke, Dust","Dark, artificial",Wet,Fatal,SMV Other,Driver,20 to 24,Fatal,3,South,Delivery Van,Going Ahead,Lost control,Had Been Drinking,<Null>,<Null>,<Null>,<Null>,<Null>,<Null>,<Null>,<Null>,Yes,<Null>,<Null>,<Null>,<Null>,<Null>,Yes,Yes,<Null>,<Null>,<Null>,D22,19,Long Branch (19),13663,19
-8837922.988,5420191.75,80907325,7000148860,2017,2017/01/24 05:00:00+00,1635,16,95 REDPATH  AVE,<Null>,10 m West of,Collector,Toronto and East York,12,53,43.706874,-79.392413,Mid-Block,Non Intersection,No Control,Freezing Rain,Daylight,Wet,Non-Fatal Injury,Pedestrian Collisions,Pedestrian,35 to 39,Major,<Null>,East,<Null>,<Null>,<Null>,<Null>,Pedestrian hit at mid-block,Running onto Roadway,Other,<Null>,<Null>,<Null>,Yes,<Null>,Yes,<Null>,<Null>,<Null>,<Null>,<Null>,<Null>,<Null>,<Null>,<Null>,<Null>,D53,104,Mount Pleasant West (104),13664,104
-8837922.988,5420191.75,80907326,7000148860,2017,2017/01/24 05:00:00+00,1635,16,95 REDPATH  AVE,<Null>,10 m West of,Collector,Toronto and East York,12,53,43.706874,-79.392413,Mid-Block,Non Intersection,No Control,Freezing Rain,Daylight,Wet,Non-Fatal Injury,Pedestrian Collisions,Driver,60 to 64,None,<Null>,South,"Automobile, Station Wagon",Going Ahead,Driving Properly,Normal,<Null>,<Null>,<Null>,<Null>,<Null>,<Null>,Yes,<Null>,Yes,<Null>,<Null>,<Null>,<Null>,<Null>,<Null>,<Null>,<Null>,<Null>,<Null>,D53,104,Mount Pleasant West (104),13665,104
-8854611.783,5427146.099,80631721,7000155315,2017,2017/01/25 05:00:00+00,1440,14,FINCH AVE W,WESTON RD,<Null>,Major Arterial,Etobicoke York,7,31,43.752017,-79.542331,Intersection,At Intersection,Traffic Signal,Clear,Daylight,Wet,Fatal,Angle,Truck Driver,55 to 59,None,<Null>,North,Truck - Dump,Going Ahead,Driving Properly,Normal,<Null>,<Null>,<Null>,<Null>,<Null>,<Null>,<Null>,<Null>,Yes,<Null>,Yes,<Null>,<Null>,<Null>,<Null>,Yes,Yes,<Null>,Yes,D31,22,Humbermede (22),13666,22
-8854611.783,5427146.099,80631859,7000155315,2017,2017/01/25 05:00:00+00,1440,14,FINCH AVE W,WESTON RD,<Null>,Major Arterial,Etobicoke York,7,31,43.752017,-79.542331,Intersection,At Intersection,Traffic Signal,Clear,Daylight,Wet,Fatal,Angle,Driver,85 to 89,Fatal,6,South,"Automobile, Station Wagon",Going Ahead,Disobeyed Traffic Control,Medical or Physical Disability,<Null>,<Null>,<Null>,<Null>,<Null>,<Null>,<Null>,<Null>,Yes,<Null>,Yes,<Null>,<Null>,<Null>,<Null>,Yes,Yes,<Null>,Yes,D31,22,Humbermede (22),13667,22
-8854611.783,5427146.099,80632417,7000155315,2017,2017/01/25 05:00:00+00,1440,14,FINCH AVE W,WESTON RD,<Null>,Major Arterial,Etobicoke York,7,31,43.752017,-79.542331,Intersection,At Intersection,Traffic Signal,Clear,Daylight,Wet,Fatal,Angle,Driver,40 to 44,None,<Null>,<Null>,"Automobile, Station Wagon",Going Ahead,<Null>,<Null>,<Null>,<Null>,<Null>,<Null>,<Null>,<Null>,<Null>,<Null>,Yes,<Null>,Yes,<Null>,<Null>,<Null>,<Null>,Yes,Yes,<Null>,Yes,D31,22,Humbermede (22),13668,22
-8854611.783,5427146.099,81070510,7000155315,2017,2017/01/25 05:00:00+00,1440,14,FINCH AVE W,WESTON RD,<Null>,Major Arterial,Etobicoke York,7,31,43.752017,-79.542331,Intersection,At Intersection,Traffic Signal,Clear,Daylight,Wet,Fatal,Angle,Driver,50 to 54,None,<Null>,East,Passenger Van,Going Ahead,Driving Properly,Normal,<Null>,<Null>,<Null>,<Null>,<Null>,<Null>,<Null>,<Null>,Yes,<Null>,Yes,<Null>,<Null>,<Null>,<Null>,Yes,Yes,<Null>,Yes,D31,22,Humbermede (22),13669,22
-8839956.239,5413554.244,80773786,7000156964,2017,2017/01/25 05:00:00+00,1934,19,BATHURST ST,LENNOX ST,<Null>,Major Arterial,Toronto and East York,11,14,43.663756,-79.410678,Intersection,At Intersection,Traffic Signal,Rain,"Dark, artificial",Wet,Non-Fatal Injury,Pedestrian Collisions,Driver,unknown,None,<Null>,West,"Automobile, Station Wagon",Turning Right,Failed to Yield Right of Way,Unknown,<Null>,<Null>,<Null>,<Null>,<Null>,<Null>,Yes,<Null>,Yes,<Null>,<Null>,<Null>,<Null>,<Null>,<Null>,Yes,<Null>,<Null>,<Null>,D14,79,University (79),13670,79
-8839956.239,5413554.244,80773787,7000156964,2017,2017/01/25 05:00:00+00,1934,19,BATHURST ST,LENNOX ST,<Null>,Major Arterial,Toronto and East York,11,14,43.663756,-79.410678,Intersection,At Intersection,Traffic Signal,Rain,"Dark, artificial",Wet,Non-Fatal Injury,Pedestrian Collisions,Pedestrian,50 to 54,Major,<Null>,East,<Null>,<Null>,<Null>,<Null>,Vehicle turns right while ped crosses with ROW at inter.,Crossing with right of way,Normal,<Null>,<Null>,<Null>,Yes,<Null>,Yes,<Null>,<Null>,<Null>,<Null>,<Null>,<Null>,Yes,<Null>,<Null>,<Null>,D14,79,University (79),13671,79
-8836299.171,5410859.071,80733456,7000169325,2017,2017/01/27 05:00:00+00,1450,14,FRONT ST W,YONGE ST,100 m West of,Minor Arterial,Toronto and East York,"10,13",52,43.646239,-79.377826,Mid-Block,Non Intersection,No Control,Clear,Daylight,Dry,Non-Fatal Injury,Cyclist Collisions,Driver,45 to 49,None,<Null>,West,"Automobile, Station Wagon",Stopped,Other,Inattentive,<Null>,<Null>,<Null>,<Null>,<Null>,<Null>,<Null>,Yes,Yes,<Null>,<Null>,<Null>,<Null>,<Null>,<Null>,<Null>,<Null>,<Null>,<Null>,D52,77,Waterfront Communities-The Island (77),13672,77
-8836299.171,5410859.071,80733457,7000169325,2017,2017/01/27 05:00:00+00,1450,14,FRONT ST W,YONGE ST,100 m West of,Minor Arterial,Toronto and East York,"10,13",52,43.646239,-79.377826,Mid-Block,Non Intersection,No Control,Clear,Daylight,Dry,Non-Fatal Injury,Cyclist Collisions,Cyclist,35 to 39,Major,<Null>,West,Bicycle,Overtaking,<Null>,<Null>,<Null>,<Null>,<Null>,Cyclist struck opened vehicle door,Driving Properly,Normal,<Null>,Yes,Yes,<Null>,<Null>,<Null>,<Null>,<Null>,<Null>,<Null>,<Null>,<Null>,<Null>,D52,77,Waterfront Communities-The Island (77),13673,77
-8836299.171,5410859.071,80733512,7000169325,2017,2017/01/27 05:00:00+00,1450,14,FRONT ST W,YONGE ST,100 m West of,Minor Arterial,Toronto and East York,"10,13",52,43.646239,-79.377826,Mid-Block,Non Intersection,No Control,Clear,Daylight,Dry,Non-Fatal Injury,Cyclist Collisions,Driver,50 to 54,None,<Null>,West,"Automobile, Station Wagon",Going Ahead,Driving Properly,Normal,<Null>,<Null>,<Null>,<Null>,<Null>,<Null>,<Null>,Yes,Yes,<Null>,<Null>,<Null>,<Null>,<Null>,<Null>,<Null>,<Null>,<Null>,<Null>,D52,77,Waterfront Communities-The Island (77),13674,77