X,Y,INDEX_,ACCNUM,YEAR,DATE,TIME,HOUR,STREET1,STREET2,OFFSET,ROAD_CLASS,DISTRICT,WARDNUM,DIVISION,LATITUDE,LONGITUDE,LOCCOORD,ACCLOC,TRAFFCTL,VISIBILITY,LIGHT,RDSFCOND,ACCLASS,IMPACTYPE,INVTYPE,INVAGE,INJURY,FATAL_NO,INITDIR,VEHTYPE,MANOEUVER,DRIVACT,DRIVCOND,PEDTYPE,PEDACT,PEDCOND,CYCLISTYPE,CYCACT,CYCCOND,PEDESTRIAN,CYCLIST,AUTOMOBILE,MOTORCYCLE,TRUCK,TRSN_CITY_VEH,EMERG_VEH,PASSENGER,SPEEDING,AG_DRIV,REDLIGHT,ALCOHOL,DISABILITY,POLICE_DIVISION,HOOD_ID,NEIGHBOURHOOD,ObjectId,VEHICLES_IN_STREET
-8838281.437,5409585.072,80609329,7000178103,2017,2017/01/29 05:00:00+00,110,1,F G GARDINER XY  E,SPADINA AVE,350 m West,Major Arterial,Toronto and East York,10,14,43.637957,-79.395633,Mid-Block,Non Intersection,No Control,Clear,Dark,Dry,Fatal,Pedestrian Collisions,Driver,20 to 24,None,<Null>,East,"Automobile, Station Wagon",Going Ahead,Driving Properly,Normal,<Null>,<Null>,<Null>,<Null>,<Null>,<Null>,Yes,<Null>,Yes,<Null>,<Null>,<Null>,<Null>,<Null>,<Null>,<Null>,<Null>,<Null>,<Null>,D14,77,Waterfront Communities-The Island (77),13675,77
-8838281.437,5409585.072,80609331,7000178103,2017,2017/01/29 05:00:00+00,110,1,F G GARDINER XY  E,SPADINA AVE,350 m West,Major Arterial,Toronto and East York,10,14,43.637957,-79.395633,Mid-Block,Non Intersection,No Control,Clear,Dark,Dry,Fatal,Pedestrian Collisions,Pedestrian,15 to 19,Fatal,4,West,<Null>,<Null>,<Null>,<Null>,Pedestrian hit at mid-block,Walking on Roadway Against Traffic,Other,<Null>,<Null>,<Null>,Yes,<Null>,Yes,<Null>,<Null>,<Null>,<Null>,<Null>,<Null>,<Null>,<Null>,<Null>,<Null>,D14,77,Waterfront Communities-The Island (77),13676,77
-8852904.699,5426772.699,80773014,7000178331,2017,2017/01/29 05:00:00+00,200,2,OAKDALE RD,EDDYSTONE AVE,350 m North of,Minor Arterial,<Null>,7,31,43.749594,-79.526996,Mid-Block,Non Intersection,No Control,Clear,"Dark, artificial",Dry,Non-Fatal Injury,SMV Other,Driver,20 to 24,Major,<Null>,North,"Automobile, Station Wagon",Going Ahead,Lost control,Unknown,<Null>,<Null>,<Null>,<Null>,<Null>,<Null>,<Null>,<Null>,Yes,<Null>,<Null>,<Null>,<Null>,<Null>,<Null>,<Null>,<Null>,<Null>,<Null>,D31,25,Glenfield-Jane Heights (25),13677,25
-8846856.822,5408899.229,80681697,7000178684,2017,2017/01/29 05:00:00+00,345,3,F G GARDINER XY  W,SOUTH KINGSWAY RAMP,55 m West of,Major Arterial,Toronto and East York,4,11,43.633498,-79.472667,Mid-Block,Non Intersection,No Control,Clear,"Dark, artificial",Dry,Fatal,Rear End,Driver,40 to 44,Minimal,<Null>,West,Pick Up Truck,Going Ahead,Driving Properly,Normal,<Null>,<Null>,<Null>,<Null>,<Null>,<Null>,<Null>,<Null>,Yes,<Null>,<Null>,<Null>,<Null>,<Null>,Yes,Yes,<Null>,Yes,<Null>,D11,85,South Parkdale (85),13678,85
-8846856.822,5408899.229,80681699,7000178684,2017,2017/01/29 05:00:00+00,345,3,F G GARDINER XY  W,SOUTH KINGSWAY RAMP,55 m West of,Major Arterial,Toronto and East York,4,11,43.633498,-79.472667,Mid-Block,Non Intersection,No Control,Clear,"Dark, artificial",Dry,Fatal,Rear End,Driver,20 to 24,Fatal,9,West,"Automobile, Station Wagon",Going Ahead,Lost control,"Ability Impaired, Alcohol Over .08",<Null>,<Null>,<Null>,<Null>,<Null>,<Null>,<Null>,<Null>,Yes,<Null>,<Null>,<Null>,<Null>,<Null>,Yes,Yes,<Null>,Yes,<Null>,D11,85,South Parkdale (85),13679,85
-8816111.27,5433740.959,80734373,7000200382,2017,2017/02/01 05:00:00+00,1415,14,MORNINGSIDE AVE,401 C E MORNINGSIDE AVE S RAMP,<Null>,Major Arterial,Scarborough,"24,25",43,43.794795,-79.196475,Intersection,At Intersection,Traffic Signal,Clear,Daylight,Dry,Non-Fatal Injury,Pedestrian Collisions,Driver,45 to 49,Major,<Null>,East,"Automobile, Station Wagon",Going Ahead,Failed to Yield Right of Way,Inattentive,<Null>,<Null>,<Null>,<Null>,<Null>,<Null>,Yes,<Null>,Yes,<Null>,<Null>,<Null>,<Null>,<Null>,<Null>,Yes,<Null>,<Null>,<Null>,D43,134,Highland Creek (134),13680,134
-8816111.27,5433740.959,80734374,7000200382,2017,2017/02/01 05:00:00+00,1415,14,MORNINGSIDE AVE,401 C E MORNINGSIDE AVE S RAMP,<Null>,Major Arterial,Scarborough,"24,25",43,43.794795,-79.196475,Intersection,At Intersection,Traffic Signal,Clear,Daylight,Dry,Non-Fatal Injury,Pedestrian Collisions,Pedestrian,20 to 24,Minor,<Null>,North,<Null>,<Null>,<Null>,<Null>,Vehicle is going straight thru inter.while ped cross with ROW,Crossing with right of way,Normal,<Null>,<Null>,<Null>,Yes,<Null>,Yes,<Null>,<Null>,<Null>,<Null>,<Null>,<Null>,Yes,<Null>,<Null>,<Null>,D43,134,Highland Creek (134),13681,134
-8822090.351,5425458.445,80609336,7000203536,2017,2017/02/02 05:00:00+00,219,2,BRIMLEY RD,ELGAR AVE,<Null>,Major Arterial,Scarborough,21,"41,43",43.741065,-79.250186,Intersection,At Intersection,Stop Sign,Clear,Dark,Wet,Fatal,Turning Movement,Driver,25 to 29,Fatal,5,South,"Automobile, Station Wagon",Going Ahead,Driving Properly,Unknown,<Null>,<Null>,<Null>,<Null>,<Null>,<Null>,<Null>,<Null>,Yes,<Null>,<Null>,<Null>,<Null>,<Null>,Yes,Yes,<Null>,<Null>,<Null>,D43,138,Eglinton East (138),13682,138
-8849417.505,5415458.741,80912151,7001424545,2017,2017/08/08 04:00:00+00,555,5,JANE ST,ALLIANCE AVE,<Null>,Major Arterial,Etobicoke York,5,12,43.676131,-79.49567,Intersection,At Intersection,Traffic Signal,Clear,Dark,Dry,Non-Fatal Injury,Turning Movement,Driver,20 to 24,Minimal,<Null>,North,"Automobile, Station Wagon",Going Ahead,Exceeding Speed Limit,Normal,<Null>,<Null>,<Null>,<Null>,<Null>,<Null>,<Null>,<Null>,Yes,<Null>,<Null>,<Null>,<Null>,<Null>,Yes,Yes,<Null>,<Null>,<Null>,D12,111,Rockcliffe-Smythe (111),13683,111
-8857761.791,5411735.22,80770781,7001165135,2017,2017/06/29 04:00:00+00,1808,18,THE WEST MALL,CAMBRIAN RD,98 m South of,Minor Arterial,Etobicoke York,2,22,43.651934,-79.570628,Mid-Block,Non Intersection,No Control,Clear,Daylight,Dry,Non-Fatal Injury,Angle,Passenger,15 to 19,Minor,<Null>,<Null>,<Null>,<Null>,<Null>,<Null>,<Null>,<Null>,<Null>,<Null>,<Null>,<Null>,<Null>,<Null>,Yes,<Null>,<Null>,Yes,<Null>,Yes,<Null>,Yes,<Null>,<Null>,<Null>,D22,13,Etobicoke West Mall (13),13685,13
-8843964.965,5427808.024,80782621,7001609405,2017,2017/09/05 04:00:00+00,1832,18,CODSELL AVE,MAXWELL ST,<Null>,Local,North York,6,32,43.756312,-79.446689,Intersection,At Intersection,Stop Sign,Clear,Daylight,Dry,Fatal,Pedestrian Collisions,Driver,70 to 74,None,<Null>,West,"Automobile, Station Wagon",Going Ahead,Failed to Yield Right of Way,Unknown,<Null>,<Null>,<Null>,<Null>,<Null>,<Null>,Yes,<Null>,Yes,<Null>,<Null>,<Null>,<Null>,<Null>,<Null>,Yes,<Null>,<Null>,<Null>,D32,34,Bathurst Manor (34),13686,34
-8849417.505,5415458.741,80912152,7001424545,2017,2017/08/08 04:00:00+00,555,5,JANE ST,ALLIANCE AVE,<Null>,Major Arterial,Etobicoke York,5,12,43.676131,-79.49567,Intersection,At Intersection,Traffic Signal,Clear,Dark,Dry,Non-Fatal Injury,Turning Movement,Driver,55 to 59,Major,<Null>,South,"Automobile, Station Wagon",Turning Left,Failed to Yield Right of Way,Inattentive,<Null>,<Null>,<Null>,<Null>,<Null>,<Null>,<Null>,<Null>,Yes,<Null>,<Null>,<Null>,<Null>,<Null>,Yes,Yes,<Null>,<Null>,<Null>,D12,111,Rockcliffe-Smythe (111),13687,111
-8826995.978,5434812.233,80780345,7001424903,2017,2017/08/08 04:00:00+00,801,8,MILLIKEN BLVD,FINCH  AVE E,<Null>,Major Arterial,Scarborough,22,42,43.801741,-79.294254,Intersection,At Intersection,Traffic Signal,Clear,Daylight,Dry,Non-Fatal Injury,Pedestrian Collisions,Driver,50 to 54,None,<Null>,South,Pick Up Truck,Turning Left,Failed to Yield Right of Way,Normal,<Null>,<Null>,<Null>,<Null>,<Null>,<Null>,Yes,<Null>,Yes,<Null>,<Null>,<Null>,<Null>,<Null>,<Null>,Yes,<Null>,<Null>,<Null>,D42,117,L'Amoreaux (117),13763,117
-8849289.265,5415461.049,80757123,7001169974,2017,2017/06/30 04:00:00+00,1304,13,847 JANE ST,<Null>,<Null>,Collector,Etobicoke York,5,12,43.676146,-79.494518,Mid-Block,Non Intersection,No Control,Clear,Daylight,Dry,Fatal,Cyclist Collisions,Cyclist,70 to 74,Fatal,28,West,Bicycle,Going Ahead,<Null>,<Null>,<Null>,<Null>,<Null>,"Motorist turns right at non-signal Inter.(stop, yield, no cont.,and dwy) and strikes cyclist.",Driving Properly,Normal,<Null>,Yes,Yes,<Null>,<Null>,<Null>,<Null>,<Null>,<Null>,<Null>,<Null>,<Null>,<Null>,D12,111,Rockcliffe-Smythe (111),13764,111
-8826901.691,5416874.402,80783754,7001616713,2017,2017/09/06 04:00:00+00,2040,20,GERRARD ST E,HANNAFORD ST,<Null>,Minor Arterial,Toronto and East York,19,55,43.685328,-79.293407,Intersection,At Intersection,No Control,Clear,"Dark, artificial",Dry,Non-Fatal Injury,Cyclist Collisions,Driver,55 to 59,None,<Null>,West,"Automobile, Station Wagon",Turning Left,Improper Turn,Normal,<Null>,<Null>,<Null>,<Null>,<Null>,<Null>,<Null>,Yes,Yes,<Null>,<Null>,<Null>,<Null>,<Null>,<Null>,<Null>,<Null>,<Null>,<Null>,D55,62,East End-Danforth (62),13765,62
-8826995.978,5434812.233,80780346,7001424903,2017,2017/08/08 04:00:00+00,801,8,MILLIKEN BLVD,FINCH  AVE E,<Null>,Major Arterial,Scarborough,22,42,43.801741,-79.294254,Intersection,At Intersection,Traffic Signal,Clear,Daylight,Dry,Non-Fatal Injury,Pedestrian Collisions,Pedestrian,75 to 79,Major,<Null>,North,<Null>,<Null>,<Null>,<Null>,Vehicle turns left while ped crosses with ROW at inter.,Crossing with right of way,Normal,<Null>,<Null>,<Null>,Yes,<Null>,Yes,<Null>,<Null>,<Null>,<Null>,<Null>,<Null>,Yes,<Null>,<Null>,<Null>,D42,117,L'Amoreaux (117),13766,117
-8826901.691,5416874.402,80783755,7001616713,2017,2017/09/06 04:00:00+00,2040,20,GERRARD ST E,HANNAFORD ST,<Null>,Minor Arterial,Toronto and East York,19,55,43.685328,-79.293407,Intersection,At Intersection,No Control,Clear,"Dark, artificial",Dry,Non-Fatal Injury,Cyclist Collisions,Cyclist,30 to 34,Major,<Null>,East,Bicycle,Going Ahead,<Null>,<Null>,<Null>,<Null>,<Null>,Motorist turned left across cyclists path.,Driving Properly,Normal,<Null>,Yes,Yes,<Null>,<Null>,<Null>,<Null>,<Null>,<Null>,<Null>,<Null>,<Null>,<Null>,D55,62,East End-Danforth (62),13767,62
-8833723.238,5413075.219,80780659,7001432218,2017,2017/08/09 04:00:00+00,923,9,DON VALLEY PARKWAY  S,DUNDAS ST E,100 m South of,<Null>,Toronto and East York,14,55,43.660643,-79.354686,Mid-Block,Non Intersection,No Control,Clear,Daylight,Dry,Non-Fatal Injury,Rear End,Driver,25 to 29,Major,<Null>,South,"Automobile, Station Wagon",Going Ahead,Following too Close,Normal,<Null>,<Null>,<Null>,<Null>,<Null>,<Null>,<Null>,<Null>,Yes,<Null>,<Null>,<Null>,<Null>,<Null>,<Null>,Yes,<Null>,<Null>,<Null>,D55,70,South Riverdale (70),13768,70
-8833723.238,5413075.219,80780660,7001432218,2017,2017/08/09 04:00:00+00,923,9,DON VALLEY PARKWAY  S,DUNDAS ST E,100 m South of,<Null>,Toronto and East York,14,55,43.660643,-79.354686,Mid-Block,Non Intersection,No Control,Clear,Daylight,Dry,Non-Fatal Injury,Rear End,Driver,30 to 34,None,<Null>,South,"Automobile, Station Wagon",Going Ahead,Following too Close,Normal,<Null>,<Null>,<Null>,<Null>,<Null>,<Null>,<Null>,<Null>,Yes,<Null>,<Null>,<Null>,<Null>,<Null>,<Null>,Yes,<Null>,<Null>,<Null>,D55,70,South Riverdale (70),13769,70
-8833723.238,5413075.219,80780661,7001432218,2017,2017/08/09 04:00:00+00,923,9,DON VALLEY PARKWAY  S,DUNDAS ST E,100 m South of,<Null>,Toronto and East York,14,55,43.660643,-79.354686,Mid-Block,Non Intersection,No Control,Clear,Daylight,Dry,Non-Fatal Injury,Rear End,Truck Driver,25 to 29,Minor,<Null>,South,Tow Truck,Stopped,Driving Properly,Normal,<Null>,<Null>,<Null>,<Null>,<Null>,<Null>,<Null>,<Null>,Yes,<Null>,<Null>,<Null>,<Null>,<Null>,<Null>,Yes,<Null>,<Null>,<Null>,D55,70,South Riverdale (70),13770,70
-8815929.596,5435007.037,80780910,7001442419,2017,2017/08/10 04:00:00+00,1810,18,SHEPPARD AVE E,WATER TOWER GT,30  m East of,Major Arterial,Scarborough,25,42,43.803004,-79.194843,Intersection,At Intersection,Traffic Signal,Clear,Daylight,Dry,Fatal,Rear End,Driver,50 to 54,Fatal,34,West,"Automobile, Station Wagon",Going Ahead,Lost control,Unknown,<Null>,<Null>,<Null>,<Null>,<Null>,<Null>,<Null>,<Null>,Yes,<Null>,<Null>,Yes,<Null>,<Null>,<Null>,<Null>,<Null>,<Null>,<Null>,D42,131,Rouge (131),13771,131
-8815929.596,5435007.037,80780911,7001442419,2017,2017/08/10 04:00:00+00,1810,18,SHEPPARD AVE E,WATER TOWER GT,30  m East of,Major Arterial,Scarborough,25,42,43.803004,-79.194843,Intersection,At Intersection,Traffic Signal,Clear,Daylight,Dry,Fatal,Rear End,Driver,45 to 49,None,<Null>,West,Municipal Transit Bus (TTC),Stopped,Driving Properly,Normal,<Null>,<Null>,<Null>,<Null>,<Null>,<Null>,<Null>,<Null>,Yes,<Null>,<Null>,Yes,<Null>,<Null>,<Null>,<Null>,<Null>,<Null>,<Null>,D42,131,Rouge (131),13772,131
-8839286.986,5434746.99,80934415,7001450084,2017,2017/08/11 04:00:00+00,2117,21,STEELES AVE E,MAXOME AVE,<Null>,Major Arterial,North York,18,32,43.801318,-79.404666,Mid-Block,Non Intersection,No Control,Rain,"Dark, artificial",Wet,Non-Fatal Injury,Rear End,Passenger,25 to 29,None,<Null>,<Null>,<Null>,<Null>,<Null>,<Null>,<Null>,<Null>,<Null>,<Null>,<Null>,<Null>,<Null>,<Null>,Yes,<Null>,<Null>,<Null>,<Null>,Yes,<Null>,Yes,<Null>,<Null>,<Null>,D32,50,Newtonbrook East (50),13773,50
-8839286.986,5434746.99,80934416,7001450084,2017,2017/08/11 04:00:00+00,2117,21,STEELES AVE E,MAXOME AVE,<Null>,Major Arterial,North York,18,32,43.801318,-79.404666,Mid-Block,Non Intersection,No Control,Rain,"Dark, artificial",Wet,Non-Fatal Injury,Rear End,Passenger,0 to 4,Minimal,<Null>,<Null>,<Null>,<Null>,<Null>,<Null>,<Null>,<Null>,<Null>,<Null>,<Null>,<Null>,<Null>,<Null>,Yes,<Null>,<Null>,<Null>,<Null>,Yes,<Null>,Yes,<Null>,<Null>,<Null>,D32,50,Newtonbrook East (50),13774,50
-8839286.986,5434746.99,80934417,7001450084,2017,2017/08/11 04:00:00+00,2117,21,STEELES AVE E,MAXOME AVE,<Null>,Major Arterial,North York,18,32,43.801318,-79.404666,Mid-Block,Non Intersection,No Control,Rain,"Dark, artificial",Wet,Non-Fatal Injury,Rear End,Driver,30 to 34,Major,<Null>,East,"Automobile, Station Wagon",Stopped,Driving Properly,Normal,<Null>,<Null>,<Null>,<Null>,<Null>,<Null>,<Null>,<Null>,Yes,<Null>,<Null>,<Null>,<Null>,Yes,<Null>,Yes,<Null>,<Null>,<Null>,D32,50,Newtonbrook East (50),13775,50
-8849289.265,5415461.049,80757189,7001169974,2017,2017/06/30 04:00:00+00,1304,13,847 JANE ST,<Null>,<Null>,Collector,Etobicoke York,5,12,43.676146,-79.494518,Mid-Block,Non Intersection,No Control,Clear,Daylight,Dry,Fatal,Cyclist Collisions,Driver,60 to 64,None,<Null>,West,Delivery Van,Turning Right,Improper Turn,Normal,<Null>,<Null>,<Null>,<Null>,<Null>,<Null>,<Null>,Yes,Yes,<Null>,<Null>,<Null>,<Null>,<Null>,<Null>,<Null>,<Null>,<Null>,<Null>,D12,111,Rockcliffe-Smythe (111),13776,111
-8839286.986,5434746.99,80934418,7001450084,2017,2017/08/11 04:00:00+00,2117,21,STEELES AVE E,MAXOME AVE,<Null>,Major Arterial,North York,18,32,43.801318,-79.404666,Mid-Block,Non Intersection,No Control,Rain,"Dark, artificial",Wet,Non-Fatal Injury,Rear End,Driver,30 to 34,Minimal,<Null>,East,"Automobile, Station Wagon",Going Ahead,Driving Properly,Normal,<Null>,<Null>,<Null>,<Null>,<Null>,<Null>,<Null>,<Null>,Yes,<Null>,<Null>,<Null>,<Null>,Yes,<Null>,Yes,<Null>,<Null>,<Null>,D32,50,Newtonbrook East (50),13777,50
-8839286.986,5434746.99,80934419,7001450084,2017,2017/08/11 04:00:00+00,2117,21,STEELES AVE E,MAXOME AVE,<Null>,Major Arterial,North York,18,32,43.801318,-79.404666,Mid-Block,Non Intersection,No Control,Rain,"Dark, artificial",Wet,Non-Fatal Injury,Rear End,Driver,60 to 64,None,<Null>,East,"Automobile, Station Wagon",Going Ahead,Following too Close,Inattentive,<Null>,<Null>,<Null>,<Null>,<Null>,<Null>,<Null>,<Null>,Yes,<Null>,<Null>,<Null>,<Null>,Yes,<Null>,Yes,<Null>,<Null>,<Null>,D32,50,Newtonbrook East (50),13778,50
-8847855.581,5416946.137,80938973,7001455540,2017,2017/08/12 04:00:00+00,1917,19,BLACK CREEK DR,PHOTOGRAPHY DR,<Null>,Major Arterial,Etobicoke York,5,12,43.685794,-79.481639,Intersection,At Intersection,Traffic Signal,Clear,Daylight,Dry,Non-Fatal Injury,Turning Movement,Motorcycle Driver,35 to 39,Major,<Null>,North,Motorcycle,Going Ahead,Lost control,Unknown,<Null>,<Null>,<Null>,<Null>,<Null>,<Null>,<Null>,<Null>,Yes,Yes,<Null>,<Null>,<Null>,<Null>,Yes,Yes,<Null>,<Null>,<Null>,D12,110,Keelesdale-Eglinton West (110),13779,110
-8847855.581,5416946.137,80938974,7001455540,2017,2017/08/12 04:00:00+00,1917,19,BLACK CREEK DR,PHOTOGRAPHY DR,<Null>,Major Arterial,Etobicoke York,5,12,43.685794,-79.481639,Intersection,At Intersection,Traffic Signal,Clear,Daylight,Dry,Non-Fatal Injury,Turning Movement,Driver,35 to 39,None,<Null>,South,"Automobile, Station Wagon",Turning Left,Driving Properly,Normal,<Null>,<Null>,<Null>,<Null>,<Null>,<Null>,<Null>,<Null>,Yes,Yes,<Null>,<Null>,<Null>,<Null>,Yes,Yes,<Null>,<Null>,<Null>,D12,110,Keelesdale-Eglinton West (110),13780,110
-8852165.76,5429726.101,80927111,7001457563,2017,2017/08/13 04:00:00+00,237,2,JANE ST,SHOREHAM DR,<Null>,Major Arterial,Etobicoke York,7,31,43.768756,-79.520358,Intersection,At Intersection,Traffic Signal,Clear,"Dark, artificial",Dry,Non-Fatal Injury,Turning Movement,Driver,20 to 24,None,<Null>,North,"Automobile, Station Wagon",Going Ahead,Driving Properly,Normal,<Null>,<Null>,<Null>,<Null>,<Null>,<Null>,<Null>,<Null>,Yes,<Null>,<Null>,<Null>,<Null>,<Null>,<Null>,Yes,<Null>,Yes,<Null>,D31,24,Black Creek (24),13781,24
-8852165.76,5429726.101,80927112,7001457563,2017,2017/08/13 04:00:00+00,237,2,JANE ST,SHOREHAM DR,<Null>,Major Arterial,Etobicoke York,7,31,43.768756,-79.520358,Intersection,At Intersection,Traffic Signal,Clear,"Dark, artificial",Dry,Non-Fatal Injury,Turning Movement,Driver,25 to 29,Major,<Null>,South,"Automobile, Station Wagon",Turning Left,Failed to Yield Right of Way,"Ability Impaired, Alcohol",<Null>,<Null>,<Null>,<Null>,<Null>,<Null>,<Null>,<Null>,Yes,<Null>,<Null>,<Null>,<Null>,<Null>,<Null>,Yes,<Null>,Yes,<Null>,D31,24,Black Creek (24),13782,24
-8827608.235,5421872.434,80780723,7001464361,2017,2017/08/14 04:00:00+00,900,9,VICTORIA PARK AVE,EDGE PARK AVE,15 m South of,Major Arterial,Toronto and East York,"19,20","41,54",43.717787,-79.299754,Intersection,Intersection Related,No Control,Clear,Daylight,Dry,Non-Fatal Injury,Rear End,Driver,65 to 69,Major,<Null>,North,"Automobile, Station Wagon",Going Ahead,Lost control,Inattentive,<Null>,<Null>,<Null>,<Null>,<Null>,<Null>,<Null>,<Null>,Yes,<Null>,<Null>,<Null>,<Null>,Yes,<Null>,<Null>,<Null>,<Null>,<Null>,D41,120,Clairlea-Birchmount (120),13783,120
-8827608.235,5421872.434,80780724,7001464361,2017,2017/08/14 04:00:00+00,900,9,VICTORIA PARK AVE,EDGE PARK AVE,15 m South of,Major Arterial,Toronto and East York,"19,20","41,54",43.717787,-79.299754,Intersection,Intersection Related,No Control,Clear,Daylight,Dry,Non-Fatal Injury,Rear End,Driver,25 to 29,Minor,<Null>,North,"Automobile, Station Wagon",Stopped,Driving Properly,Normal,<Null>,<Null>,<Null>,<Null>,<Null>,<Null>,<Null>,<Null>,Yes,<Null>,<Null>,<Null>,<Null>,Yes,<Null>,<Null>,<Null>,<Null>,<Null>,D41,120,Clairlea-Birchmount (120),13784,120
-8827608.235,5421872.434,80780725,7001464361,2017,2017/08/14 04:00:00+00,900,9,VICTORIA PARK AVE,EDGE PARK AVE,15 m South of,Major Arterial,Toronto and East York,"19,20","41,54",43.717787,-79.299754,Intersection,Intersection Related,No Control,Clear,Daylight,Dry,Non-Fatal Injury,Rear End,Passenger,30 to 34,Minimal,<Null>,<Null>,<Null>,<Null>,<Null>,<Null>,<Null>,<Null>,<Null>,<Null>,<Null>,<Null>,<Null>,<Null>,Yes,<Null>,<Null>,<Null>,<Null>,Yes,<Null>,<Null>,<Null>,<Null>,<Null>,D41,120,Clairlea-Birchmount (120),13785,120
-8835487.206,5412722.544,80757205,7001470435,2017,2017/08/15 04:00:00+00,407,4,DUNDAS ST E,SHERBOURNE ST,38 m East of,Major Arterial,Toronto and East York,13,51,43.658351,-79.370532,Mid-Block,Non Intersection,No Control,Rain,"Dark, artificial",Wet,Fatal,Pedestrian Collisions,Pedestrian,45 to 49,Fatal,35,Unknown,<Null>,<Null>,<Null>,<Null>,Pedestrian hit at mid-block,Other,Medical or Physical Disability,<Null>,<Null>,<Null>,Yes,<Null>,<Null>,<Null>,<Null>,<Null>,<Null>,<Null>,<Null>,<Null>,<Null>,<Null>,<Null>,D51,73,Moss Park (73),13786,73
-8835487.206,5412722.544,80780913,7001470435,2017,2017/08/15 04:00:00+00,407,4,DUNDAS ST E,SHERBOURNE ST,38 m East of,Major Arterial,Toronto and East York,13,51,43.658351,-79.370532,Mid-Block,Non Intersection,No Control,Rain,"Dark, artificial",Wet,Fatal,Pedestrian Collisions,Driver,unknown,None,<Null>,East,<Null>,Going Ahead,Other,Unknown,<Null>,<Null>,<Null>,<Null>,<Null>,<Null>,Yes,<Null>,<Null>,<Null>,<Null>,<Null>,<Null>,<Null>,<Null>,<Null>,<Null>,<Null>,<Null>,D51,73,Moss Park (73),13787,73
-8843932.682,5424475.15,80921623,7001474297,2017,2017/08/15 04:00:00+00,1700,17,FAYWOOD  BLVD,WILSON AVE,<Null>,Major Arterial,North York,6,32,43.734683,-79.446399,Intersection,At Intersection,Stop Sign,Clear,Daylight,Dry,Non-Fatal Injury,Turning Movement,Passenger,65 to 69,Minor,<Null>,<Null>,<Null>,<Null>,<Null>,<Null>,<Null>,<Null>,<Null>,<Null>,<Null>,<Null>,<Null>,<Null>,Yes,<Null>,<Null>,Yes,<Null>,Yes,<Null>,<Null>,<Null>,<Null>,<Null>,D32,33,Clanton Park (33),13788,33
-8843932.682,5424475.15,80921624,7001474297,2017,2017/08/15 04:00:00+00,1700,17,FAYWOOD  BLVD,WILSON AVE,<Null>,Major Arterial,North York,6,32,43.734683,-79.446399,Intersection,At Intersection,Stop Sign,Clear,Daylight,Dry,Non-Fatal Injury,Turning Movement,Passenger,5 to 9,Minimal,<Null>,<Null>,<Null>,<Null>,<Null>,<Null>,<Null>,<Null>,<Null>,<Null>,<Null>,<Null>,<Null>,<Null>,Yes,<Null>,<Null>,Yes,<Null>,Yes,<Null>,<Null>,<Null>,<Null>,<Null>,D32,33,Clanton Park (33),13789,33
-8843932.682,5424475.15,80921625,7001474297,2017,2017/08/15 04:00:00+00,1700,17,FAYWOOD  BLVD,WILSON AVE,<Null>,Major Arterial,North York,6,32,43.734683,-79.446399,Intersection,At Intersection,Stop Sign,Clear,Daylight,Dry,Non-Fatal Injury,Turning Movement,Passenger,5 to 9,Minimal,<Null>,<Null>,<Null>,<Null>,<Null>,<Null>,<Null>,<Null>,<Null>,<Null>,<Null>,<Null>,<Null>,<Null>,Yes,<Null>,<Null>,Yes,<Null>,Yes,<Null>,<Null>,<Null>,<Null>,<Null>,D32,33,Clanton Park (33),13790,33
-8843932.682,5424475.15,80921626,7001474297,2017,2017/08/15 04:00:00+00,1700,17,FAYWOOD  BLVD,WILSON AVE,<Null>,Major Arterial,North York,6,32,43.734683,-79.446399,Intersection,At Intersection,Stop Sign,Clear,Daylight,Dry,Non-Fatal Injury,Turning Movement,Passenger,35 to 39,Major,<Null>,<Null>,<Null>,<Null>,<Null>,<Null>,<Null>,<Null>,<Null>,<Null>,<Null>,<Null>,<Null>,<Null>,Yes,<Null>,<Null>,Yes,<Null>,Yes,<Null>,<Null>,<Null>,<Null>,<Null>,D32,33,Clanton Park (33),13791,33
-8843932.682,5424475.15,80921627,7001474297,2017,2017/08/15 04:00:00+00,1700,17,FAYWOOD  BLVD,WILSON AVE,<Null>,Major Arterial,North York,6,32,43.734683,-79.446399,Intersection,At Intersection,Stop Sign,Clear,Daylight,Dry,Non-Fatal Injury,Turning Movement,Driver,30 to 34,None,<Null>,West,Municipal Transit Bus (TTC),Going Ahead,Driving Properly,Normal,<Null>,<Null>,<Null>,<Null>,<Null>,<Null>,<Null>,<Null>,Yes,<Null>,<Null>,Yes,<Null>,Yes,<Null>,<Null>,<Null>,<Null>,<Null>,D32,33,Clanton Park (33),13792,33
-8843932.682,5424475.15,80921628,7001474297,2017,2017/08/15 04:00:00+00,1700,17,FAYWOOD  BLVD,WILSON AVE,<Null>,Major Arterial,North York,6,32,43.734683,-79.446399,Intersection,At Intersection,Stop Sign,Clear,Daylight,Dry,Non-Fatal Injury,Turning Movement,Driver,30 to 34,None,<Null>,South,"Automobile, Station Wagon",Turning Left,Improper Turn,Normal,<Null>,<Null>,<Null>,<Null>,<Null>,<Null>,<Null>,<Null>,Yes,<Null>,<Null>,Yes,<Null>,Yes,<Null>,<Null>,<Null>,<Null>,<Null>,D32,33,Clanton Park (33),13793,33