X,Y,INDEX_,ACCNUM,YEAR,DATE,TIME,HOUR,STREET1,STREET2,OFFSET,ROAD_CLASS,DISTRICT,WARDNUM,DIVISION,LATITUDE,LONGITUDE,LOCCOORD,ACCLOC,TRAFFCTL,VISIBILITY,LIGHT,RDSFCOND,ACCLASS,IMPACTYPE,INVTYPE,INVAGE,INJURY,FATAL_NO,INITDIR,VEHTYPE,MANOEUVER,DRIVACT,DRIVCOND,PEDTYPE,PEDACT,PEDCOND,CYCLISTYPE,CYCACT,CYCCOND,PEDESTRIAN,CYCLIST,AUTOMOBILE,MOTORCYCLE,TRUCK,TRSN_CITY_VEH,EMERG_VEH,PASSENGER,SPEEDING,AG_DRIV,REDLIGHT,ALCOHOL,DISABILITY,POLICE_DIVISION,HOOD_ID,NEIGHBOURHOOD,ObjectId,VEHICLES_IN_STREET
-8845097.084,5422796.148,80780958,7001489368,2017,2017/08/17 04:00:00+00,2215,22,DUFFERIN ST,CARTWRIGHT  AVE,<Null>,Major Arterial,North York,8,32,43.723784,-79.456859,Intersection,At Intersection,No Control,Rain,"Dark, artificial",Wet,Non-Fatal Injury,Pedestrian Collisions,Driver,40 to 44,None,<Null>,South,"Automobile, Station Wagon",Going Ahead,Driving Properly,Normal,<Null>,<Null>,<Null>,<Null>,<Null>,<Null>,Yes,<Null>,Yes,<Null>,<Null>,<Null>,<Null>,<Null>,<Null>,<Null>,<Null>,<Null>,<Null>,D32,31,Yorkdale-Glen Park (31),13794,31
-8845097.084,5422796.148,80780959,7001489368,2017,2017/08/17 04:00:00+00,2215,22,DUFFERIN ST,CARTWRIGHT  AVE,<Null>,Major Arterial,North York,8,32,43.723784,-79.456859,Intersection,At Intersection,No Control,Rain,"Dark, artificial",Wet,Non-Fatal Injury,Pedestrian Collisions,Pedestrian,15 to 19,Major,<Null>,West,<Null>,<Null>,<Null>,<Null>,Vehicle is going straight thru inter.while ped cross without ROW,"Crossing, no Traffic Control",Inattentive,<Null>,<Null>,<Null>,Yes,<Null>,Yes,<Null>,<Null>,<Null>,<Null>,<Null>,<Null>,<Null>,<Null>,<Null>,<Null>,D32,31,Yorkdale-Glen Park (31),13795,31
-8823855.21,5436932.476,80932530,7001489490,2017,2017/08/17 04:00:00+00,2245,22,WHITE HEATHER BLVD,LONGSWORD  DR,10 m South of,Collector,Scarborough,23,42,43.815486,-79.26604,Intersection,At Intersection,No Control,Clear,"Dark, artificial",Dry,Non-Fatal Injury,SMV Other,Passenger,15 to 19,Major,<Null>,<Null>,<Null>,<Null>,<Null>,<Null>,<Null>,<Null>,<Null>,<Null>,<Null>,<Null>,<Null>,<Null>,Yes,<Null>,<Null>,<Null>,<Null>,Yes,Yes,Yes,<Null>,Yes,<Null>,D42,129,Agincourt North (129),13796,129
-8823855.21,5436932.476,80932531,7001489490,2017,2017/08/17 04:00:00+00,2245,22,WHITE HEATHER BLVD,LONGSWORD  DR,10 m South of,Collector,Scarborough,23,42,43.815486,-79.26604,Intersection,At Intersection,No Control,Clear,"Dark, artificial",Dry,Non-Fatal Injury,SMV Other,Driver,20 to 24,None,<Null>,North,"Automobile, Station Wagon",Going Ahead,Lost control,"Ability Impaired, Alcohol",<Null>,<Null>,<Null>,<Null>,<Null>,<Null>,<Null>,<Null>,Yes,<Null>,<Null>,<Null>,<Null>,Yes,Yes,Yes,<Null>,Yes,<Null>,D42,129,Agincourt North (129),13797,129
-8843932.682,5424475.15,80780968,7001492041,2017,2017/08/18 04:00:00+00,1055,10,FAYWOOD  BLVD,WILSON  AVE,1 m South of,Major Arterial,North York,6,32,43.734683,-79.446399,Intersection,At Intersection,Stop Sign,Clear,Daylight,Dry,Non-Fatal Injury,Cyclist Collisions,Driver,45 to 49,None,<Null>,South,"Automobile, Station Wagon",Turning Right,Failed to Yield Right of Way,Inattentive,<Null>,<Null>,<Null>,<Null>,<Null>,<Null>,<Null>,Yes,Yes,<Null>,<Null>,<Null>,<Null>,<Null>,<Null>,Yes,<Null>,<Null>,<Null>,D32,33,Clanton Park (33),13798,33
-8843932.682,5424475.15,80780969,7001492041,2017,2017/08/18 04:00:00+00,1055,10,FAYWOOD  BLVD,WILSON  AVE,1 m South of,Major Arterial,North York,6,32,43.734683,-79.446399,Intersection,At Intersection,Stop Sign,Clear,Daylight,Dry,Non-Fatal Injury,Cyclist Collisions,Cyclist,55 to 59,Major,<Null>,West,Bicycle,Going Ahead,<Null>,<Null>,<Null>,<Null>,<Null>,"Motorist turns right at non-signal Inter.(stop, yield, no cont.,and dwy) and strikes cyclist.",Driving Properly,Normal,<Null>,Yes,Yes,<Null>,<Null>,<Null>,<Null>,<Null>,<Null>,Yes,<Null>,<Null>,<Null>,D32,33,Clanton Park (33),13799,33
-8856280.685,5406357.329,80786634,7001493534,2017,2017/08/18 04:00:00+00,1444,14,NORTH QUEEN ST,NOVA RD,80 m North of,Minor Arterial,Etobicoke York,3,22,43.616969,-79.557323,Mid-Block,At/Near Private Drive,Stop Sign,Clear,Daylight,Dry,Non-Fatal Injury,Turning Movement,Driver,25 to 29,Major,<Null>,West,"Automobile, Station Wagon",Turning Left,Failed to Yield Right of Way,Inattentive,<Null>,<Null>,<Null>,<Null>,<Null>,<Null>,<Null>,<Null>,Yes,<Null>,<Null>,<Null>,<Null>,Yes,<Null>,Yes,<Null>,<Null>,<Null>,D22,14,Islington-City Centre West (14),13800,14
-8856280.685,5406357.329,80786635,7001493534,2017,2017/08/18 04:00:00+00,1444,14,NORTH QUEEN ST,NOVA RD,80 m North of,Minor Arterial,Etobicoke York,3,22,43.616969,-79.557323,Mid-Block,At/Near Private Drive,Stop Sign,Clear,Daylight,Dry,Non-Fatal Injury,Turning Movement,Driver,40 to 44,None,<Null>,North,"Automobile, Station Wagon",Going Ahead,Driving Properly,Normal,<Null>,<Null>,<Null>,<Null>,<Null>,<Null>,<Null>,<Null>,Yes,<Null>,<Null>,<Null>,<Null>,Yes,<Null>,Yes,<Null>,<Null>,<Null>,D22,14,Islington-City Centre West (14),13801,14
-8856280.685,5406357.329,80786636,7001493534,2017,2017/08/18 04:00:00+00,1444,14,NORTH QUEEN ST,NOVA RD,80 m North of,Minor Arterial,Etobicoke York,3,22,43.616969,-79.557323,Mid-Block,At/Near Private Drive,Stop Sign,Clear,Daylight,Dry,Non-Fatal Injury,Turning Movement,Passenger,60 to 64,None,<Null>,<Null>,<Null>,<Null>,<Null>,<Null>,<Null>,<Null>,<Null>,<Null>,<Null>,<Null>,<Null>,<Null>,Yes,<Null>,<Null>,<Null>,<Null>,Yes,<Null>,Yes,<Null>,<Null>,<Null>,D22,14,Islington-City Centre West (14),13802,14
-8856280.685,5406357.329,80786637,7001493534,2017,2017/08/18 04:00:00+00,1444,14,NORTH QUEEN ST,NOVA RD,80 m North of,Minor Arterial,Etobicoke York,3,22,43.616969,-79.557323,Mid-Block,At/Near Private Drive,Stop Sign,Clear,Daylight,Dry,Non-Fatal Injury,Turning Movement,Passenger,0 to 4,None,<Null>,<Null>,<Null>,<Null>,<Null>,<Null>,<Null>,<Null>,<Null>,<Null>,<Null>,<Null>,<Null>,<Null>,Yes,<Null>,<Null>,<Null>,<Null>,Yes,<Null>,Yes,<Null>,<Null>,<Null>,D22,14,Islington-City Centre West (14),13803,14
-8856280.685,5406357.329,80786638,7001493534,2017,2017/08/18 04:00:00+00,1444,14,NORTH QUEEN ST,NOVA RD,80 m North of,Minor Arterial,Etobicoke York,3,22,43.616969,-79.557323,Mid-Block,At/Near Private Drive,Stop Sign,Clear,Daylight,Dry,Non-Fatal Injury,Turning Movement,Passenger,0 to 4,None,<Null>,<Null>,<Null>,<Null>,<Null>,<Null>,<Null>,<Null>,<Null>,<Null>,<Null>,<Null>,<Null>,<Null>,Yes,<Null>,<Null>,<Null>,<Null>,Yes,<Null>,Yes,<Null>,<Null>,<Null>,D22,14,Islington-City Centre West (14),13804,14
-8822967.66,5424440.485,80781061,7001494097,2017,2017/08/18 04:00:00+00,1622,16,MIDLAND AVE,EGLINTON AVE E,25 m South of,Major Arterial,Scarborough,"21,20",41,43.734458,-79.258067,Intersection,Intersection Related,No Control,Clear,Daylight,Dry,Non-Fatal Injury,Pedestrian Collisions,Driver,65 to 69,None,<Null>,South,"Automobile, Station Wagon",Going Ahead,Driving Properly,Normal,<Null>,<Null>,<Null>,<Null>,<Null>,<Null>,Yes,<Null>,Yes,<Null>,<Null>,<Null>,<Null>,<Null>,<Null>,<Null>,<Null>,<Null>,<Null>,D41,124,Kennedy Park (124),13805,124
-8822967.66,5424440.485,80781062,7001494097,2017,2017/08/18 04:00:00+00,1622,16,MIDLAND AVE,EGLINTON AVE E,25 m South of,Major Arterial,Scarborough,"21,20",41,43.734458,-79.258067,Intersection,Intersection Related,No Control,Clear,Daylight,Dry,Non-Fatal Injury,Pedestrian Collisions,Pedestrian,25 to 29,Major,<Null>,West,<Null>,<Null>,<Null>,<Null>,Pedestrian hit at mid-block,"Crossing, no Traffic Control",Inattentive,<Null>,<Null>,<Null>,Yes,<Null>,Yes,<Null>,<Null>,<Null>,<Null>,<Null>,<Null>,<Null>,<Null>,<Null>,<Null>,D41,124,Kennedy Park (124),13806,124
-8856310.408,5426638.784,80918743,7001496214,2017,2017/08/18 04:00:00+00,2305,23,FINCH  AVE W,DUNCANWOODS  DR,10 m West of,Major Arterial,Etobicoke York,7,31,43.748725,-79.55759,Intersection,At Intersection,Traffic Signal,Clear,"Dark, artificial",Dry,Non-Fatal Injury,Pedestrian Collisions,Pedestrian,25 to 29,Major,<Null>,North,<Null>,<Null>,<Null>,<Null>,Vehicle is going straight thru inter.while ped cross without ROW,Crossing without right of way,Inattentive,<Null>,<Null>,<Null>,Yes,<Null>,Yes,<Null>,<Null>,<Null>,<Null>,Yes,<Null>,<Null>,<Null>,<Null>,<Null>,D31,22,Humbermede (22),13807,22
-8856310.408,5426638.784,80918744,7001496214,2017,2017/08/18 04:00:00+00,2305,23,FINCH  AVE W,DUNCANWOODS  DR,10 m West of,Major Arterial,Etobicoke York,7,31,43.748725,-79.55759,Intersection,At Intersection,Traffic Signal,Clear,"Dark, artificial",Dry,Non-Fatal Injury,Pedestrian Collisions,Passenger,55 to 59,None,<Null>,<Null>,<Null>,<Null>,<Null>,<Null>,<Null>,<Null>,<Null>,<Null>,<Null>,<Null>,Yes,<Null>,Yes,<Null>,<Null>,<Null>,<Null>,Yes,<Null>,<Null>,<Null>,<Null>,<Null>,D31,22,Humbermede (22),13808,22
-8856310.408,5426638.784,80918745,7001496214,2017,2017/08/18 04:00:00+00,2305,23,FINCH  AVE W,DUNCANWOODS  DR,10 m West of,Major Arterial,Etobicoke York,7,31,43.748725,-79.55759,Intersection,At Intersection,Traffic Signal,Clear,"Dark, artificial",Dry,Non-Fatal Injury,Pedestrian Collisions,Driver,35 to 39,None,<Null>,West,"Automobile, Station Wagon",Going Ahead,Driving Properly,Normal,<Null>,<Null>,<Null>,<Null>,<Null>,<Null>,Yes,<Null>,Yes,<Null>,<Null>,<Null>,<Null>,Yes,<Null>,<Null>,<Null>,<Null>,<Null>,D31,22,Humbermede (22),13809,22
-8857899.382,5423151.672,80885786,7001502233,2017,2017/08/19 04:00:00+00,2309,23,HINTON RD,KIPLING AVE,120 m East of,Local,Etobicoke York,1,23,43.726092,-79.571864,Mid-Block,At/Near Private Drive,No Control,Clear,"Dark, artificial",Dry,Non-Fatal Injury,Turning Movement,Motorcycle Driver,30 to 34,Major,<Null>,East,Motorcycle,Going Ahead,Driving Properly,Normal,<Null>,<Null>,<Null>,<Null>,<Null>,<Null>,<Null>,<Null>,Yes,Yes,<Null>,<Null>,<Null>,<Null>,<Null>,Yes,<Null>,<Null>,<Null>,D23,4,Rexdale-Kipling (4),13810,4
-8857899.382,5423151.672,80885787,7001502233,2017,2017/08/19 04:00:00+00,2309,23,HINTON RD,KIPLING AVE,120 m East of,Local,Etobicoke York,1,23,43.726092,-79.571864,Mid-Block,At/Near Private Drive,No Control,Clear,"Dark, artificial",Dry,Non-Fatal Injury,Turning Movement,Driver,35 to 39,None,<Null>,North,"Automobile, Station Wagon",Turning Left,Failed to Yield Right of Way,Normal,<Null>,<Null>,<Null>,<Null>,<Null>,<Null>,<Null>,<Null>,Yes,Yes,<Null>,<Null>,<Null>,<Null>,<Null>,Yes,<Null>,<Null>,<Null>,D23,4,Rexdale-Kipling (4),13811,4
-8854890.305,5427064.884,80914555,7001508706,2017,2017/08/21 04:00:00+00,118,1,FINCH AVE W,WESTON RD,213 m West of,Major Arterial,Etobicoke York,7,31,43.75149,-79.544833,Mid-Block,Non Intersection,No Control,Clear,"Dark, artificial",Dry,Non-Fatal Injury,Turning Movement,Driver,unknown,None,<Null>,West,"Automobile, Station Wagon",Going Ahead,Speed too Fast For Condition,Normal,<Null>,<Null>,<Null>,<Null>,<Null>,<Null>,<Null>,<Null>,Yes,<Null>,<Null>,<Null>,<Null>,<Null>,Yes,Yes,<Null>,<Null>,<Null>,D31,22,Humbermede (22),13812,22
-8854890.305,5427064.884,80914556,7001508706,2017,2017/08/21 04:00:00+00,118,1,FINCH AVE W,WESTON RD,213 m West of,Major Arterial,Etobicoke York,7,31,43.75149,-79.544833,Mid-Block,Non Intersection,No Control,Clear,"Dark, artificial",Dry,Non-Fatal Injury,Turning Movement,Driver,15 to 19,Major,<Null>,East,"Automobile, Station Wagon",Turning Left,Failed to Yield Right of Way,Unknown,<Null>,<Null>,<Null>,<Null>,<Null>,<Null>,<Null>,<Null>,Yes,<Null>,<Null>,<Null>,<Null>,<Null>,Yes,Yes,<Null>,<Null>,<Null>,D31,22,Humbermede (22),13813,22
-8824540.604,5421263.761,80933992,7001512006,2017,2017/08/21 04:00:00+00,1414,14,ST CLAIR AVE E,BIRCHMOUNT RD,71 m West of,Major Arterial,Scarborough,20,41,43.713835,-79.272197,Mid-Block,At/Near Private Drive,No Control,Clear,Daylight,Dry,Non-Fatal Injury,Angle,Driver,35 to 39,Major,<Null>,East,"Automobile, Station Wagon",Going Ahead,Driving Properly,Normal,<Null>,<Null>,<Null>,<Null>,<Null>,<Null>,<Null>,<Null>,Yes,<Null>,<Null>,<Null>,<Null>,<Null>,<Null>,Yes,<Null>,<Null>,<Null>,D41,120,Clairlea-Birchmount (120),13814,120
-8824540.604,5421263.761,80933993,7001512006,2017,2017/08/21 04:00:00+00,1414,14,ST CLAIR AVE E,BIRCHMOUNT RD,71 m West of,Major Arterial,Scarborough,20,41,43.713835,-79.272197,Mid-Block,At/Near Private Drive,No Control,Clear,Daylight,Dry,Non-Fatal Injury,Angle,Driver,25 to 29,None,<Null>,North,"Automobile, Station Wagon",Going Ahead,Failed to Yield Right of Way,Inattentive,<Null>,<Null>,<Null>,<Null>,<Null>,<Null>,<Null>,<Null>,Yes,<Null>,<Null>,<Null>,<Null>,<Null>,<Null>,Yes,<Null>,<Null>,<Null>,D41,120,Clairlea-Birchmount (120),13815,120
-8838756.994,5412943.811,80920030,7001512799,2017,2017/08/21 04:00:00+00,1634,16,SPADINA CRES,RUSSELL ST,30 m South of,Major Arterial,Toronto and East York,11,52,43.659789,-79.399905,Intersection,At Intersection,No Control,Clear,Daylight,Dry,Non-Fatal Injury,Cyclist Collisions,Cyclist,35 to 39,Major,<Null>,North,Bicycle,Going Ahead,<Null>,<Null>,<Null>,<Null>,<Null>,Cyclist and Driver travelling in same direction. One vehicle sideswipes the other.,Driving Properly,Unknown,<Null>,Yes,Yes,<Null>,<Null>,<Null>,<Null>,<Null>,Yes,Yes,<Null>,<Null>,<Null>,D52,79,University (79),13816,79
-8838756.994,5412943.811,80920031,7001512799,2017,2017/08/21 04:00:00+00,1634,16,SPADINA CRES,RUSSELL ST,30 m South of,Major Arterial,Toronto and East York,11,52,43.659789,-79.399905,Intersection,At Intersection,No Control,Clear,Daylight,Dry,Non-Fatal Injury,Cyclist Collisions,Driver,25 to 29,None,<Null>,North,Delivery Van,Going Ahead,Other,Unknown,<Null>,<Null>,<Null>,<Null>,<Null>,<Null>,<Null>,Yes,Yes,<Null>,<Null>,<Null>,<Null>,<Null>,Yes,Yes,<Null>,<Null>,<Null>,D52,79,University (79),13817,79
-8827649.09,5416651.348,80894961,7001528499,2017,2017/08/23 04:00:00+00,1010,10,MAIN ST,GERRARD  ST E,<Null>,Minor Arterial,Toronto and East York,19,55,43.683879,-79.300121,Intersection,At Intersection,Traffic Signal,Clear,Daylight,Dry,Non-Fatal Injury,Cyclist Collisions,Driver,45 to 49,None,<Null>,South,"Automobile, Station Wagon",Going Ahead,Driving Properly,Normal,<Null>,<Null>,<Null>,<Null>,<Null>,<Null>,<Null>,Yes,Yes,<Null>,<Null>,<Null>,<Null>,<Null>,<Null>,<Null>,<Null>,<Null>,<Null>,D55,62,East End-Danforth (62),13818,62
-8827649.09,5416651.348,80894962,7001528499,2017,2017/08/23 04:00:00+00,1010,10,MAIN ST,GERRARD  ST E,<Null>,Minor Arterial,Toronto and East York,19,55,43.683879,-79.300121,Intersection,At Intersection,Traffic Signal,Clear,Daylight,Dry,Non-Fatal Injury,Cyclist Collisions,Cyclist,25 to 29,Major,<Null>,East,Bicycle,Going Ahead,<Null>,<Null>,<Null>,<Null>,<Null>,"Cyclist without ROW rides into path of motorist at inter, lnwy, dwy-Cyclist not turn.",Driving Properly,Normal,<Null>,Yes,Yes,<Null>,<Null>,<Null>,<Null>,<Null>,<Null>,<Null>,<Null>,<Null>,<Null>,D55,62,East End-Danforth (62),13819,62
-8819491.486,5441056.971,80788468,7001526213,2017,2017/08/23 04:00:00+00,1525,15,STEELES AVE E,NINTH LINE,84 m West of,Minor Arterial,Scarborough,25,42,43.842215,-79.22684,Mid-Block,Non Intersection,No Control,Clear,Daylight,Dry,Non-Fatal Injury,Rear End,Driver,35 to 39,Major,<Null>,East,"Automobile, Station Wagon",Going Ahead,Following too Close,Inattentive,<Null>,<Null>,<Null>,<Null>,<Null>,<Null>,<Null>,<Null>,Yes,<Null>,<Null>,<Null>,<Null>,<Null>,<Null>,Yes,<Null>,<Null>,<Null>,D42,131,Rouge (131),13820,131
-8819491.486,5441056.971,80788469,7001526213,2017,2017/08/23 04:00:00+00,1525,15,STEELES AVE E,NINTH LINE,84 m West of,Minor Arterial,Scarborough,25,42,43.842215,-79.22684,Mid-Block,Non Intersection,No Control,Clear,Daylight,Dry,Non-Fatal Injury,Rear End,Driver,40 to 44,None,<Null>,East,"Automobile, Station Wagon",Slowing or Stopping,Driving Properly,Normal,<Null>,<Null>,<Null>,<Null>,<Null>,<Null>,<Null>,<Null>,Yes,<Null>,<Null>,<Null>,<Null>,<Null>,<Null>,Yes,<Null>,<Null>,<Null>,D42,131,Rouge (131),13821,131
-8840095.499,5410202.36,80781249,7001528578,2017,2017/08/23 04:00:00+00,2218,22,KING ST W,STRACHAN AVE,<Null>,Major Arterial,Toronto and East York,10,14,43.64197,-79.411929,Intersection,At Intersection,Traffic Signal,Clear,"Dark, artificial",Dry,Non-Fatal Injury,Pedestrian Collisions,Driver,45 to 49,None,<Null>,West,"Automobile, Station Wagon",Turning Left,Failed to Yield Right of Way,Inattentive,<Null>,<Null>,<Null>,<Null>,<Null>,<Null>,Yes,<Null>,Yes,<Null>,<Null>,<Null>,<Null>,<Null>,<Null>,Yes,<Null>,<Null>,<Null>,D14,82,Niagara (82),13822,82
-8840095.499,5410202.36,80781250,7001528578,2017,2017/08/23 04:00:00+00,2218,22,KING ST W,STRACHAN AVE,<Null>,Major Arterial,Toronto and East York,10,14,43.64197,-79.411929,Intersection,At Intersection,Traffic Signal,Clear,"Dark, artificial",Dry,Non-Fatal Injury,Pedestrian Collisions,Pedestrian,30 to 34,Major,<Null>,West,<Null>,<Null>,<Null>,<Null>,Vehicle turns left while ped crosses with ROW at inter.,Crossing with right of way,Had Been Drinking,<Null>,<Null>,<Null>,Yes,<Null>,Yes,<Null>,<Null>,<Null>,<Null>,<Null>,<Null>,Yes,<Null>,<Null>,<Null>,D14,82,Niagara (82),13823,82
-8828979.914,5426644.64,80780914,7001535588,2017,2017/08/24 04:00:00+00,2325,23,VICTORIA PARK AVE,CLINTWOOD GT,<Null>,Major Arterial,North York,"16,21","41,33",43.748763,-79.312076,Intersection,At Intersection,No Control,Clear,"Dark, artificial",Dry,Fatal,Pedestrian Collisions,Driver,40 to 44,None,<Null>,North,"Automobile, Station Wagon",Going Ahead,Driving Properly,Normal,<Null>,<Null>,<Null>,<Null>,<Null>,<Null>,Yes,<Null>,Yes,<Null>,<Null>,<Null>,<Null>,<Null>,<Null>,<Null>,<Null>,<Null>,<Null>,D41,119,Wexford/Maryvale (119),13824,119
-8828979.914,5426644.64,80780915,7001535588,2017,2017/08/24 04:00:00+00,2325,23,VICTORIA PARK AVE,CLINTWOOD GT,<Null>,Major Arterial,North York,"16,21","41,33",43.748763,-79.312076,Intersection,At Intersection,No Control,Clear,"Dark, artificial",Dry,Fatal,Pedestrian Collisions,Pedestrian,55 to 59,Fatal,36,Unknown,"Automobile, Station Wagon",<Null>,<Null>,<Null>,Vehicle is going straight thru inter.while ped cross without ROW,"Crossing, no Traffic Control",Unknown,<Null>,<Null>,<Null>,Yes,<Null>,Yes,<Null>,<Null>,<Null>,<Null>,<Null>,<Null>,<Null>,<Null>,<Null>,<Null>,D41,119,Wexford/Maryvale (119),13825,119
-8841991.159,5411360.904,80781642,7001542101,2017,2017/08/25 04:00:00+00,1130,11,DUNDAS ST W,GLADSTONE AVE,60 m East of,Minor Arterial,Toronto and East York,9,14,43.649501,-79.428958,Mid-Block,Non Intersection,No Control,Clear,Dark,Dry,Fatal,Pedestrian Collisions,Pedestrian,30 to 34,Fatal,39,North,<Null>,<Null>,<Null>,<Null>,Pedestrian hit at mid-block,Running onto Roadway,Had Been Drinking,<Null>,<Null>,<Null>,Yes,<Null>,Yes,<Null>,<Null>,<Null>,<Null>,<Null>,<Null>,<Null>,<Null>,<Null>,<Null>,D14,84,Little Portugal (84),13826,84
-8841991.159,5411360.904,80781643,7001542101,2017,2017/08/25 04:00:00+00,1130,11,DUNDAS ST W,GLADSTONE AVE,60 m East of,Minor Arterial,Toronto and East York,9,14,43.649501,-79.428958,Mid-Block,Non Intersection,No Control,Clear,Dark,Dry,Fatal,Pedestrian Collisions,Driver,65 to 69,None,<Null>,East,"Automobile, Station Wagon",Going Ahead,Driving Properly,Normal,<Null>,<Null>,<Null>,<Null>,<Null>,<Null>,Yes,<Null>,Yes,<Null>,<Null>,<Null>,<Null>,<Null>,<Null>,<Null>,<Null>,<Null>,<Null>,D14,84,Little Portugal (84),13827,84
-8820424.009,5425210.994,80782655,7001538094,2017,2017/08/25 04:00:00+00,1204,12,EGLINTON AVE E,TORRANCE RD,12 m East of,Major Arterial,Scarborough,"21,20",43,43.739459,-79.235217,Intersection,At Intersection,Traffic Signal,Clear,Daylight,Dry,Non-Fatal Injury,SMV Other,Driver,55 to 59,Major,<Null>,East,"Automobile, Station Wagon",Going Ahead,Lost control,Medical or Physical Disability,<Null>,<Null>,<Null>,<Null>,<Null>,<Null>,<Null>,<Null>,Yes,<Null>,<Null>,<Null>,<Null>,<Null>,<Null>,<Null>,<Null>,<Null>,Yes,D43,138,Eglinton East (138),13828,138
-8821295.418,5422281.371,80781222,7001544325,2017,2017/08/26 04:00:00+00,1055,10,3738 ST CLAIR AVE E,<Null>,<Null>,Minor Arterial,Scarborough,20,41,43.720442,-79.243045,Mid-Block,Non Intersection,No Control,Clear,Daylight,Dry,Fatal,SMV Other,Driver,30 to 34,Fatal,37,East,"Automobile, Station Wagon",Going Ahead,Lost control,"Ability Impaired, Drugs",<Null>,<Null>,<Null>,<Null>,<Null>,<Null>,<Null>,<Null>,Yes,<Null>,<Null>,<Null>,<Null>,<Null>,Yes,Yes,<Null>,<Null>,<Null>,D41,123,Cliffcrest (123),13829,123
-8846291.208,5421544.682,80942886,7001553608,2017,2017/08/27 04:00:00+00,1105,11,LESWYN  RD,CALEDONIA  RD,8 m East of,Minor Arterial,North York,8,32,43.715659,-79.467586,Intersection,Intersection Related,Stop Sign,Clear,Daylight,Dry,Non-Fatal Injury,Pedestrian Collisions,Pedestrian,25 to 29,Major,<Null>,Unknown,<Null>,<Null>,<Null>,<Null>,Unknown,Other,Normal,<Null>,<Null>,<Null>,Yes,<Null>,Yes,<Null>,<Null>,<Null>,<Null>,<Null>,<Null>,<Null>,<Null>,<Null>,<Null>,D32,31,Yorkdale-Glen Park (31),13830,31
-8846291.208,5421544.682,80942887,7001553608,2017,2017/08/27 04:00:00+00,1105,11,LESWYN  RD,CALEDONIA  RD,8 m East of,Minor Arterial,North York,8,32,43.715659,-79.467586,Intersection,Intersection Related,Stop Sign,Clear,Daylight,Dry,Non-Fatal Injury,Pedestrian Collisions,Driver,unknown,None,<Null>,West,"Automobile, Station Wagon",Going Ahead,Other,Unknown,<Null>,<Null>,<Null>,<Null>,<Null>,<Null>,Yes,<Null>,Yes,<Null>,<Null>,<Null>,<Null>,<Null>,<Null>,<Null>,<Null>,<Null>,<Null>,D32,31,Yorkdale-Glen Park (31),13831,31
-8821960.441,5440259.827,80781220,7001553173,2017,2017/08/27 04:00:00+00,2054,20,6065 STEELES AVE E,<Null>,<Null>,Major Arterial,Scarborough,23,42,43.83705,-79.249019,Mid-Block,Non Intersection,No Control,Clear,Dark,Dry,Fatal,Pedestrian Collisions,Driver,45 to 49,None,<Null>,West,"Automobile, Station Wagon",Going Ahead,Driving Properly,Normal,<Null>,<Null>,<Null>,<Null>,<Null>,<Null>,Yes,<Null>,Yes,<Null>,<Null>,<Null>,<Null>,<Null>,<Null>,Yes,<Null>,<Null>,<Null>,D42,131,Rouge (131),13832,131
-8821960.441,5440259.827,80781221,7001553173,2017,2017/08/27 04:00:00+00,2054,20,6065 STEELES AVE E,<Null>,<Null>,Major Arterial,Scarborough,23,42,43.83705,-79.249019,Mid-Block,Non Intersection,No Control,Clear,Dark,Dry,Fatal,Pedestrian Collisions,Pedestrian,75 to 79,Fatal,38,North,<Null>,<Null>,<Null>,<Null>,Pedestrian hit at mid-block,Running onto Roadway,Inattentive,<Null>,<Null>,<Null>,Yes,<Null>,Yes,<Null>,<Null>,<Null>,<Null>,<Null>,<Null>,Yes,<Null>,<Null>,<Null>,D42,131,Rouge (131),13833,131
-8854735.793,5408781.261,80787897,7001555383,2017,2017/08/28 04:00:00+00,849,8,5450 DUNDAS ST W,<Null>,5 m South of,Major Arterial,Etobicoke York,3,22,43.632731,-79.543445,Mid-Block,At/Near Private Drive,No Control,Clear,Daylight,Dry,Non-Fatal Injury,Pedestrian Collisions,Driver,30 to 34,None,<Null>,South,"Automobile, Station Wagon",Turning Left,Driving Properly,Inattentive,<Null>,<Null>,<Null>,<Null>,<Null>,<Null>,Yes,<Null>,Yes,<Null>,<Null>,<Null>,<Null>,<Null>,<Null>,<Null>,<Null>,<Null>,<Null>,D22,14,Islington-City Centre West (14),13834,14
-8854735.793,5408781.261,80787898,7001555383,2017,2017/08/28 04:00:00+00,849,8,5450 DUNDAS ST W,<Null>,5 m South of,Major Arterial,Etobicoke York,3,22,43.632731,-79.543445,Mid-Block,At/Near Private Drive,No Control,Clear,Daylight,Dry,Non-Fatal Injury,Pedestrian Collisions,Pedestrian,25 to 29,Major,<Null>,<Null>,<Null>,<Null>,<Null>,<Null>,Pedestrian hit at mid-block,"Crossing, no Traffic Control",Other,<Null>,<Null>,<Null>,Yes,<Null>,Yes,<Null>,<Null>,<Null>,<Null>,<Null>,<Null>,<Null>,<Null>,<Null>,<Null>,D22,14,Islington-City Centre West (14),13835,14