X,Y,INDEX_,ACCNUM,YEAR,DATE,TIME,HOUR,STREET1,STREET2,OFFSET,ROAD_CLASS,DISTRICT,WARDNUM,DIVISION,LATITUDE,LONGITUDE,LOCCOORD,ACCLOC,TRAFFCTL,VISIBILITY,LIGHT,RDSFCOND,ACCLASS,IMPACTYPE,INVTYPE,INVAGE,INJURY,FATAL_NO,INITDIR,VEHTYPE,MANOEUVER,DRIVACT,DRIVCOND,PEDTYPE,PEDACT,PEDCOND,CYCLISTYPE,CYCACT,CYCCOND,PEDESTRIAN,CYCLIST,AUTOMOBILE,MOTORCYCLE,TRUCK,TRSN_CITY_VEH,EMERG_VEH,PASSENGER,SPEEDING,AG_DRIV,REDLIGHT,ALCOHOL,DISABILITY,POLICE_DIVISION,HOOD_ID,NEIGHBOURHOOD,ObjectId,VEHICLES_IN_STREET
-8842880.379,5427701.065,80887250,7001555657,2017,2017/08/28 04:00:00+00,935,9,SHEPPARD  AVE W,CANYON AVE,6 m West of,Major Arterial,North York,6,32,43.755618,-79.436946,Intersection,At Intersection,No Control,Clear,Daylight,Dry,Non-Fatal Injury,Rear End,Passenger,35 to 39,Major,<Null>,<Null>,<Null>,<Null>,<Null>,<Null>,<Null>,<Null>,<Null>,<Null>,<Null>,<Null>,<Null>,<Null>,Yes,<Null>,<Null>,<Null>,<Null>,Yes,<Null>,Yes,<Null>,<Null>,<Null>,D32,38,Lansing-Westgate (38),13836,38
-8842880.379,5427701.065,80887251,7001555657,2017,2017/08/28 04:00:00+00,935,9,SHEPPARD  AVE W,CANYON AVE,6 m West of,Major Arterial,North York,6,32,43.755618,-79.436946,Intersection,At Intersection,No Control,Clear,Daylight,Dry,Non-Fatal Injury,Rear End,Passenger,10 to 14,None,<Null>,<Null>,<Null>,<Null>,<Null>,<Null>,<Null>,<Null>,<Null>,<Null>,<Null>,<Null>,<Null>,<Null>,Yes,<Null>,<Null>,<Null>,<Null>,Yes,<Null>,Yes,<Null>,<Null>,<Null>,D32,38,Lansing-Westgate (38),13837,38
-8842880.379,5427701.065,80887252,7001555657,2017,2017/08/28 04:00:00+00,935,9,SHEPPARD  AVE W,CANYON AVE,6 m West of,Major Arterial,North York,6,32,43.755618,-79.436946,Intersection,At Intersection,No Control,Clear,Daylight,Dry,Non-Fatal Injury,Rear End,Driver,70 to 74,Minimal,<Null>,East,"Automobile, Station Wagon",Going Ahead,Driving Properly,Normal,<Null>,<Null>,<Null>,<Null>,<Null>,<Null>,<Null>,<Null>,Yes,<Null>,<Null>,<Null>,<Null>,Yes,<Null>,Yes,<Null>,<Null>,<Null>,D32,38,Lansing-Westgate (38),13838,38
-8842880.379,5427701.065,80887253,7001555657,2017,2017/08/28 04:00:00+00,935,9,SHEPPARD  AVE W,CANYON AVE,6 m West of,Major Arterial,North York,6,32,43.755618,-79.436946,Intersection,At Intersection,No Control,Clear,Daylight,Dry,Non-Fatal Injury,Rear End,Driver,45 to 49,None,<Null>,East,Pick Up Truck,Going Ahead,Following too Close,Normal,<Null>,<Null>,<Null>,<Null>,<Null>,<Null>,<Null>,<Null>,Yes,<Null>,<Null>,<Null>,<Null>,Yes,<Null>,Yes,<Null>,<Null>,<Null>,D32,38,Lansing-Westgate (38),13839,38
-8835917.011,5412458.971,80781908,7001617319,2017,2017/09/06 04:00:00+00,2217,22,JARVIS ST,DUNDAS ST E,45 m South of,Major Arterial,Toronto and East York,13,51,43.656638,-79.374393,Mid-Block,Non Intersection,No Control,Clear,"Dark, artificial",Dry,Non-Fatal Injury,Pedestrian Collisions,Driver,50 to 54,None,<Null>,South,"Automobile, Station Wagon",Going Ahead,Driving Properly,Normal,<Null>,<Null>,<Null>,<Null>,<Null>,<Null>,Yes,<Null>,Yes,<Null>,<Null>,<Null>,<Null>,<Null>,<Null>,<Null>,<Null>,<Null>,<Null>,D51,73,Moss Park (73),13840,73
-8835917.011,5412458.971,80781909,7001617319,2017,2017/09/06 04:00:00+00,2217,22,JARVIS ST,DUNDAS ST E,45 m South of,Major Arterial,Toronto and East York,13,51,43.656638,-79.374393,Mid-Block,Non Intersection,No Control,Clear,"Dark, artificial",Dry,Non-Fatal Injury,Pedestrian Collisions,Pedestrian,25 to 29,Major,<Null>,West,<Null>,<Null>,<Null>,<Null>,Pedestrian hit at mid-block,"Crossing, no Traffic Control",Had Been Drinking,<Null>,<Null>,<Null>,Yes,<Null>,Yes,<Null>,<Null>,<Null>,<Null>,<Null>,<Null>,<Null>,<Null>,<Null>,<Null>,D51,73,Moss Park (73),13841,73
-8822294.177,5424643.853,80925956,7001621842,2017,2017/09/07 04:00:00+00,1538,15,EGLINTON AVE E,BIMBROK RD,<Null>,Major Arterial,Scarborough,"21,20",41,43.735778,-79.252017,Intersection,At Intersection,No Control,Clear,Daylight,Dry,Non-Fatal Injury,Turning Movement,Passenger,25 to 29,Major,<Null>,<Null>,<Null>,<Null>,<Null>,<Null>,<Null>,<Null>,<Null>,<Null>,<Null>,<Null>,<Null>,<Null>,Yes,<Null>,Yes,<Null>,<Null>,Yes,<Null>,Yes,<Null>,<Null>,<Null>,D41,124,Kennedy Park (124),13842,124
-8822294.177,5424643.853,80925957,7001621842,2017,2017/09/07 04:00:00+00,1538,15,EGLINTON AVE E,BIMBROK RD,<Null>,Major Arterial,Scarborough,"21,20",41,43.735778,-79.252017,Intersection,At Intersection,No Control,Clear,Daylight,Dry,Non-Fatal Injury,Turning Movement,Truck Driver,60 to 64,None,<Null>,West,"Truck - Closed (Blazer, etc)",Going Ahead,Driving Properly,Normal,<Null>,<Null>,<Null>,<Null>,<Null>,<Null>,<Null>,<Null>,Yes,<Null>,Yes,<Null>,<Null>,Yes,<Null>,Yes,<Null>,<Null>,<Null>,D41,124,Kennedy Park (124),13843,124
-8822294.177,5424643.853,80925958,7001621842,2017,2017/09/07 04:00:00+00,1538,15,EGLINTON AVE E,BIMBROK RD,<Null>,Major Arterial,Scarborough,"21,20",41,43.735778,-79.252017,Intersection,At Intersection,No Control,Clear,Daylight,Dry,Non-Fatal Injury,Turning Movement,Driver,30 to 34,Major,<Null>,East,"Automobile, Station Wagon",Turning Left,Failed to Yield Right of Way,Normal,<Null>,<Null>,<Null>,<Null>,<Null>,<Null>,<Null>,<Null>,Yes,<Null>,Yes,<Null>,<Null>,Yes,<Null>,Yes,<Null>,<Null>,<Null>,D41,124,Kennedy Park (124),13844,124
-8835845.655,5419439.83,80782081,7001628368,2017,2017/09/08 04:00:00+00,1505,15,BALLIOL ST,BAYVIEW AVE,<Null>,Major Arterial,North York,15,53,43.701991,-79.373752,Intersection,At Intersection,Stop Sign,Clear,Daylight,Dry,Non-Fatal Injury,Cyclist Collisions,Driver,35 to 39,None,<Null>,East,Passenger Van,Turning Right,Failed to Yield Right of Way,Inattentive,<Null>,<Null>,<Null>,<Null>,<Null>,<Null>,<Null>,Yes,Yes,<Null>,<Null>,<Null>,<Null>,<Null>,<Null>,Yes,<Null>,<Null>,<Null>,D53,56,Leaside-Bennington (56),13845,56
-8835845.655,5419439.83,80782082,7001628368,2017,2017/09/08 04:00:00+00,1505,15,BALLIOL ST,BAYVIEW AVE,<Null>,Major Arterial,North York,15,53,43.701991,-79.373752,Intersection,At Intersection,Stop Sign,Clear,Daylight,Dry,Non-Fatal Injury,Cyclist Collisions,Cyclist,50 to 54,Major,<Null>,North,Bicycle,Going Ahead,<Null>,<Null>,<Null>,<Null>,<Null>,"Motorist turns right at non-signal Inter.(stop, yield, no cont.,and dwy) and strikes cyclist.",Driving Properly,Normal,<Null>,Yes,Yes,<Null>,<Null>,<Null>,<Null>,<Null>,<Null>,Yes,<Null>,<Null>,<Null>,D53,56,Leaside-Bennington (56),13846,56
-8837622.425,5411456.443,80782123,7001633721,2017,2017/09/09 04:00:00+00,1221,12,MC CAUL ST,QUEEN ST W,<Null>,Major Arterial,Toronto and East York,10,52,43.650122,-79.389713,Intersection,At Intersection,Traffic Controller,Clear,Daylight,Dry,Non-Fatal Injury,Turning Movement,Motorcycle Driver,45 to 49,Major,<Null>,South,Motorcycle,Going Ahead,Lost control,Normal,<Null>,<Null>,<Null>,<Null>,<Null>,<Null>,<Null>,<Null>,Yes,Yes,<Null>,<Null>,<Null>,<Null>,<Null>,<Null>,<Null>,<Null>,<Null>,D52,77,Waterfront Communities-The Island (77),13847,77
-8837622.425,5411456.443,80782124,7001633721,2017,2017/09/09 04:00:00+00,1221,12,MC CAUL ST,QUEEN ST W,<Null>,Major Arterial,Toronto and East York,10,52,43.650122,-79.389713,Intersection,At Intersection,Traffic Controller,Clear,Daylight,Dry,Non-Fatal Injury,Turning Movement,Driver,15 to 19,None,<Null>,West,"Automobile, Station Wagon",Turning Left,Driving Properly,Normal,<Null>,<Null>,<Null>,<Null>,<Null>,<Null>,<Null>,<Null>,Yes,Yes,<Null>,<Null>,<Null>,<Null>,<Null>,<Null>,<Null>,<Null>,<Null>,D52,77,Waterfront Communities-The Island (77),13848,77
-8832157.084,5417798.693,80782535,7001651562,2017,2017/09/12 04:00:00+00,844,8,COSBURN AVE,LESMOUNT AVE,<Null>,Minor Arterial,Toronto and East York,14,54,43.691332,-79.340617,Intersection,At Intersection,No Control,Clear,Daylight,Dry,Non-Fatal Injury,Cyclist Collisions,Truck Driver,45 to 49,None,<Null>,West,"Truck - Closed (Blazer, etc)",Turning Right,Improper Turn,Normal,<Null>,<Null>,<Null>,<Null>,<Null>,<Null>,<Null>,Yes,<Null>,<Null>,Yes,<Null>,<Null>,<Null>,<Null>,<Null>,<Null>,<Null>,<Null>,D54,59,Danforth East York (59),13849,59
-8832157.084,5417798.693,80782536,7001651562,2017,2017/09/12 04:00:00+00,844,8,COSBURN AVE,LESMOUNT AVE,<Null>,Minor Arterial,Toronto and East York,14,54,43.691332,-79.340617,Intersection,At Intersection,No Control,Clear,Daylight,Dry,Non-Fatal Injury,Cyclist Collisions,Cyclist,35 to 39,Major,<Null>,West,Bicycle,Going Ahead,<Null>,<Null>,<Null>,<Null>,<Null>,"Motorist turns right at non-signal Inter.(stop, yield, no cont.,and dwy) and strikes cyclist.",Driving Properly,Normal,<Null>,Yes,<Null>,<Null>,Yes,<Null>,<Null>,<Null>,<Null>,<Null>,<Null>,<Null>,<Null>,D54,59,Danforth East York (59),13850,59
-8829297.509,5437186.722,80888647,7001653729,2017,2017/09/12 04:00:00+00,1426,14,BIRCHMOUNT RD,WINTERMUTE BLVD,88 m North of,Major Arterial,Scarborough,22,42,43.817134,-79.314929,Mid-Block,Non Intersection,No Control,Clear,Daylight,Dry,Non-Fatal Injury,Approaching,Driver,35 to 39,Minimal,<Null>,South,"Automobile, Station Wagon",Going Ahead,Driving Properly,Normal,<Null>,<Null>,<Null>,<Null>,<Null>,<Null>,<Null>,<Null>,Yes,<Null>,<Null>,<Null>,<Null>,<Null>,<Null>,<Null>,<Null>,<Null>,<Null>,D42,116,Steeles (116),13851,116
-8829297.509,5437186.722,80888648,7001653729,2017,2017/09/12 04:00:00+00,1426,14,BIRCHMOUNT RD,WINTERMUTE BLVD,88 m North of,Major Arterial,Scarborough,22,42,43.817134,-79.314929,Mid-Block,Non Intersection,No Control,Clear,Daylight,Dry,Non-Fatal Injury,Approaching,Driver,60 to 64,Major,<Null>,North,"Automobile, Station Wagon",Going Ahead,Lost control,Unknown,<Null>,<Null>,<Null>,<Null>,<Null>,<Null>,<Null>,<Null>,Yes,<Null>,<Null>,<Null>,<Null>,<Null>,<Null>,<Null>,<Null>,<Null>,<Null>,D42,116,Steeles (116),13852,116
-8839595.341,5413885.406,80782764,7001656927,2017,2017/09/13 04:00:00+00,105,1,BLOOR ST W,BRUNSWICK AVE,<Null>,Major Arterial,Toronto and East York,11,14,43.665908,-79.407436,Intersection,At Intersection,Traffic Signal,Clear,"Dark, artificial",Dry,Non-Fatal Injury,Cyclist Collisions,Cyclist,20 to 24,Major,<Null>,West,Bicycle,Making U Turn,<Null>,<Null>,<Null>,<Null>,<Null>,Cyclist makes u-turn in-front of driver.,Improper Turn,Had Been Drinking,<Null>,Yes,<Null>,Yes,<Null>,<Null>,<Null>,<Null>,<Null>,<Null>,<Null>,<Null>,<Null>,D14,95,Annex (95),13853,95
-8839595.341,5413885.406,80782765,7001656927,2017,2017/09/13 04:00:00+00,105,1,BLOOR ST W,BRUNSWICK AVE,<Null>,Major Arterial,Toronto and East York,11,14,43.665908,-79.407436,Intersection,At Intersection,Traffic Signal,Clear,"Dark, artificial",Dry,Non-Fatal Injury,Cyclist Collisions,Motorcycle Driver,20 to 24,None,<Null>,East,Motorcycle,Going Ahead,Driving Properly,Normal,<Null>,<Null>,<Null>,<Null>,<Null>,<Null>,<Null>,Yes,<Null>,Yes,<Null>,<Null>,<Null>,<Null>,<Null>,<Null>,<Null>,<Null>,<Null>,D14,95,Annex (95),13854,95
-8831680.636,5421349.546,80915777,7001667796,2017,2017/09/14 04:00:00+00,1601,16,DON MILLS RD,GATEWAY BLVD,<Null>,Major Arterial,North York,16,54,43.714392,-79.336337,Intersection,At Intersection,Traffic Signal,Clear,Daylight,Dry,Non-Fatal Injury,Turning Movement,Driver,30 to 34,None,<Null>,South,"Automobile, Station Wagon",Going Ahead,Driving Properly,Normal,<Null>,<Null>,<Null>,<Null>,<Null>,<Null>,<Null>,<Null>,Yes,Yes,<Null>,<Null>,<Null>,<Null>,<Null>,<Null>,<Null>,<Null>,<Null>,D54,44,Flemingdon Park (44),13855,44
-8831680.636,5421349.546,80915778,7001667796,2017,2017/09/14 04:00:00+00,1601,16,DON MILLS RD,GATEWAY BLVD,<Null>,Major Arterial,North York,16,54,43.714392,-79.336337,Intersection,At Intersection,Traffic Signal,Clear,Daylight,Dry,Non-Fatal Injury,Turning Movement,Motorcycle Driver,15 to 19,Major,<Null>,East,Motorcycle,Turning Right,Improper Turn,Inattentive,<Null>,<Null>,<Null>,<Null>,<Null>,<Null>,<Null>,<Null>,Yes,Yes,<Null>,<Null>,<Null>,<Null>,<Null>,<Null>,<Null>,<Null>,<Null>,D54,44,Flemingdon Park (44),13856,44
-8862465.262,5427704.61,80781640,7001671435,2017,2017/09/15 04:00:00+00,652,6,STEELES AVE W,HIGHWAY 27  N,200 m East of,Major Arterial,Etobicoke York,1,23,43.755641,-79.61288,Mid-Block,Non Intersection,No Control,Clear,Daylight,Dry,Fatal,Turning Movement,Truck Driver,30 to 34,Minimal,<Null>,East,Truck - Dump,Turning Left,Failed to Yield Right of Way,Normal,<Null>,<Null>,<Null>,<Null>,<Null>,<Null>,<Null>,<Null>,Yes,<Null>,Yes,<Null>,<Null>,Yes,Yes,Yes,<Null>,<Null>,<Null>,D23,1,West Humber-Clairville (1),13857,1
-8862465.262,5427704.61,80782623,7001671435,2017,2017/09/15 04:00:00+00,652,6,STEELES AVE W,HIGHWAY 27  N,200 m East of,Major Arterial,Etobicoke York,1,23,43.755641,-79.61288,Mid-Block,Non Intersection,No Control,Clear,Daylight,Dry,Fatal,Turning Movement,Passenger,55 to 59,Fatal,41,<Null>,<Null>,<Null>,<Null>,<Null>,<Null>,<Null>,<Null>,<Null>,<Null>,<Null>,<Null>,<Null>,Yes,<Null>,Yes,<Null>,<Null>,Yes,Yes,Yes,<Null>,<Null>,<Null>,D23,1,West Humber-Clairville (1),13858,1
-8862465.262,5427704.61,80782625,7001671435,2017,2017/09/15 04:00:00+00,652,6,STEELES AVE W,HIGHWAY 27  N,200 m East of,Major Arterial,Etobicoke York,1,23,43.755641,-79.61288,Mid-Block,Non Intersection,No Control,Clear,Daylight,Dry,Fatal,Turning Movement,Driver,50 to 54,Minor,<Null>,East,"Automobile, Station Wagon",Going Ahead,Driving Properly,Normal,<Null>,<Null>,<Null>,<Null>,<Null>,<Null>,<Null>,<Null>,Yes,<Null>,Yes,<Null>,<Null>,Yes,Yes,Yes,<Null>,<Null>,<Null>,D23,1,West Humber-Clairville (1),13859,1
-8862465.262,5427704.61,80782626,7001671435,2017,2017/09/15 04:00:00+00,652,6,STEELES AVE W,HIGHWAY 27  N,200 m East of,Major Arterial,Etobicoke York,1,23,43.755641,-79.61288,Mid-Block,Non Intersection,No Control,Clear,Daylight,Dry,Fatal,Turning Movement,Driver,20 to 24,Major,<Null>,West,"Automobile, Station Wagon",Going Ahead,Exceeding Speed Limit,Had Been Drinking,<Null>,<Null>,<Null>,<Null>,<Null>,<Null>,<Null>,<Null>,Yes,<Null>,Yes,<Null>,<Null>,Yes,Yes,Yes,<Null>,<Null>,<Null>,D23,1,West Humber-Clairville (1),13860,1
-8840965.238,5408415.216,80892785,7001690052,2017,2017/09/17 04:00:00+00,2358,23,LAKE SHORE BLVD W,REMEMBRANCE DR,<Null>,Major Arterial,Toronto and East York,10,14,43.630351,-79.419742,Intersection,At Intersection,Traffic Signal,Clear,"Dark, artificial",Dry,Non-Fatal Injury,Cyclist Collisions,Cyclist,25 to 29,Major,<Null>,West,Bicycle,Going Ahead,<Null>,<Null>,<Null>,<Null>,<Null>,Motorist turning right on red at signalized intersection strikes cyclist.,Driving Properly,Normal,<Null>,Yes,Yes,<Null>,<Null>,<Null>,<Null>,<Null>,<Null>,<Null>,<Null>,<Null>,<Null>,D14,82,Niagara (82),13861,82
-8840965.238,5408415.216,80892786,7001690052,2017,2017/09/17 04:00:00+00,2358,23,LAKE SHORE BLVD W,REMEMBRANCE DR,<Null>,Major Arterial,Toronto and East York,10,14,43.630351,-79.419742,Intersection,At Intersection,Traffic Signal,Clear,"Dark, artificial",Dry,Non-Fatal Injury,Cyclist Collisions,Driver,45 to 49,None,<Null>,North,Passenger Van,Turning Right,Improper Turn,Normal,<Null>,<Null>,<Null>,<Null>,<Null>,<Null>,<Null>,Yes,Yes,<Null>,<Null>,<Null>,<Null>,<Null>,<Null>,<Null>,<Null>,<Null>,<Null>,D14,82,Niagara (82),13862,82
-8842011.53,5408570.091,80783390,7001696237,2017,2017/09/18 04:00:00+00,2019,20,LAKE SHORE BLVD W,BRITISH COLUMBIA RD,1 m West of,Major Arterial,Toronto and East York,4,14,43.631358,-79.429141,Intersection,At Intersection,Traffic Signal,Clear,"Dark, artificial",Dry,Non-Fatal Injury,Cyclist Collisions,Cyclist,15 to 19,Major,<Null>,South,Bicycle,Going Ahead,<Null>,<Null>,<Null>,<Null>,<Null>,"Cyclist without ROW rides into path of motorist at inter, lnwy, dwy-Cyclist not turn.",Disobeyed Traffic Control,Normal,<Null>,Yes,Yes,<Null>,<Null>,<Null>,<Null>,<Null>,<Null>,<Null>,<Null>,<Null>,<Null>,D14,85,South Parkdale (85),13863,85
-8842011.53,5408570.091,80783391,7001696237,2017,2017/09/18 04:00:00+00,2019,20,LAKE SHORE BLVD W,BRITISH COLUMBIA RD,1 m West of,Major Arterial,Toronto and East York,4,14,43.631358,-79.429141,Intersection,At Intersection,Traffic Signal,Clear,"Dark, artificial",Dry,Non-Fatal Injury,Cyclist Collisions,Driver,60 to 64,None,<Null>,West,"Automobile, Station Wagon",Going Ahead,Driving Properly,Normal,<Null>,<Null>,<Null>,<Null>,<Null>,<Null>,<Null>,Yes,Yes,<Null>,<Null>,<Null>,<Null>,<Null>,<Null>,<Null>,<Null>,<Null>,<Null>,D14,85,South Parkdale (85),13864,85
-8834000.98,5416493.259,80782620,7001709828,2017,2017/09/20 04:00:00+00,1953,19,BROADVIEW AVE,NEALON AVE,<Null>,Minor Arterial,Toronto and East York,14,54,43.682852,-79.357181,Intersection,At Intersection,No Control,Clear,Dark,Dry,Fatal,Pedestrian Collisions,Pedestrian,85 to 89,Fatal,42,West,<Null>,<Null>,<Null>,<Null>,Vehicle is going straight thru inter.while ped cross without ROW,"Crossing, no Traffic Control",Inattentive,<Null>,<Null>,<Null>,Yes,<Null>,Yes,<Null>,<Null>,<Null>,<Null>,<Null>,<Null>,<Null>,<Null>,<Null>,<Null>,D54,57,Broadview North (57),13865,57
-8834000.98,5416493.259,80783195,7001709828,2017,2017/09/20 04:00:00+00,1953,19,BROADVIEW AVE,NEALON AVE,<Null>,Minor Arterial,Toronto and East York,14,54,43.682852,-79.357181,Intersection,At Intersection,No Control,Clear,Dark,Dry,Fatal,Pedestrian Collisions,Driver,50 to 54,None,<Null>,North,"Automobile, Station Wagon",Going Ahead,Driving Properly,Unknown,<Null>,<Null>,<Null>,<Null>,<Null>,<Null>,Yes,<Null>,Yes,<Null>,<Null>,<Null>,<Null>,<Null>,<Null>,<Null>,<Null>,<Null>,<Null>,D54,57,Broadview North (57),13866,57
-8850566.544,5415556.785,80935608,7001722344,2017,2017/09/22 04:00:00+00,1632,16,SCARLETT  RD,EAST DR,<Null>,Minor Arterial,Etobicoke York,5,12,43.676768,-79.505992,Intersection,At Intersection,Traffic Signal,Clear,Daylight,Dry,Non-Fatal Injury,Turning Movement,Driver,60 to 64,Major,<Null>,South,"Automobile, Station Wagon",Turning Left,Driving Properly,Normal,<Null>,<Null>,<Null>,<Null>,<Null>,<Null>,<Null>,<Null>,Yes,<Null>,<Null>,<Null>,<Null>,<Null>,<Null>,Yes,Yes,<Null>,<Null>,D12,111,Rockcliffe-Smythe (111),13867,111
-8850566.544,5415556.785,80935609,7001722344,2017,2017/09/22 04:00:00+00,1632,16,SCARLETT  RD,EAST DR,<Null>,Minor Arterial,Etobicoke York,5,12,43.676768,-79.505992,Intersection,At Intersection,Traffic Signal,Clear,Daylight,Dry,Non-Fatal Injury,Turning Movement,Driver,60 to 64,None,<Null>,North,"Automobile, Station Wagon",Going Ahead,Disobeyed Traffic Control,Inattentive,<Null>,<Null>,<Null>,<Null>,<Null>,<Null>,<Null>,<Null>,Yes,<Null>,<Null>,<Null>,<Null>,<Null>,<Null>,Yes,Yes,<Null>,<Null>,D12,111,Rockcliffe-Smythe (111),13868,111
-8848581.718,5415148.762,80898080,7001725049,2017,2017/09/23 04:00:00+00,50,0,ROCKCLIFFE BLVD,WOOLNER AVE,150 m North of,Collector,Etobicoke York,5,12,43.674117,-79.488162,Mid-Block,Non Intersection,No Control,Clear,"Dark, artificial",Dry,Non-Fatal Injury,SMV Other,Passenger,15 to 19,Major,<Null>,<Null>,<Null>,<Null>,<Null>,<Null>,<Null>,<Null>,<Null>,<Null>,<Null>,<Null>,<Null>,<Null>,Yes,<Null>,<Null>,<Null>,<Null>,Yes,Yes,Yes,<Null>,<Null>,<Null>,D12,111,Rockcliffe-Smythe (111),13869,111
-8848581.718,5415148.762,80898081,7001725049,2017,2017/09/23 04:00:00+00,50,0,ROCKCLIFFE BLVD,WOOLNER AVE,150 m North of,Collector,Etobicoke York,5,12,43.674117,-79.488162,Mid-Block,Non Intersection,No Control,Clear,"Dark, artificial",Dry,Non-Fatal Injury,SMV Other,Passenger,15 to 19,Major,<Null>,<Null>,<Null>,<Null>,<Null>,<Null>,<Null>,<Null>,<Null>,<Null>,<Null>,<Null>,<Null>,<Null>,Yes,<Null>,<Null>,<Null>,<Null>,Yes,Yes,Yes,<Null>,<Null>,<Null>,D12,111,Rockcliffe-Smythe (111),13870,111
-8848581.718,5415148.762,80898082,7001725049,2017,2017/09/23 04:00:00+00,50,0,ROCKCLIFFE BLVD,WOOLNER AVE,150 m North of,Collector,Etobicoke York,5,12,43.674117,-79.488162,Mid-Block,Non Intersection,No Control,Clear,"Dark, artificial",Dry,Non-Fatal Injury,SMV Other,Passenger,15 to 19,Minor,<Null>,<Null>,<Null>,<Null>,<Null>,<Null>,<Null>,<Null>,<Null>,<Null>,<Null>,<Null>,<Null>,<Null>,Yes,<Null>,<Null>,<Null>,<Null>,Yes,Yes,Yes,<Null>,<Null>,<Null>,D12,111,Rockcliffe-Smythe (111),13871,111
-8848581.718,5415148.762,80898083,7001725049,2017,2017/09/23 04:00:00+00,50,0,ROCKCLIFFE BLVD,WOOLNER AVE,150 m North of,Collector,Etobicoke York,5,12,43.674117,-79.488162,Mid-Block,Non Intersection,No Control,Clear,"Dark, artificial",Dry,Non-Fatal Injury,SMV Other,Passenger,15 to 19,None,<Null>,<Null>,<Null>,<Null>,<Null>,<Null>,<Null>,<Null>,<Null>,<Null>,<Null>,<Null>,<Null>,<Null>,Yes,<Null>,<Null>,<Null>,<Null>,Yes,Yes,Yes,<Null>,<Null>,<Null>,D12,111,Rockcliffe-Smythe (111),13872,111
-8848581.718,5415148.762,80898084,7001725049,2017,2017/09/23 04:00:00+00,50,0,ROCKCLIFFE BLVD,WOOLNER AVE,150 m North of,Collector,Etobicoke York,5,12,43.674117,-79.488162,Mid-Block,Non Intersection,No Control,Clear,"Dark, artificial",Dry,Non-Fatal Injury,SMV Other,Passenger,15 to 19,Minor,<Null>,<Null>,<Null>,<Null>,<Null>,<Null>,<Null>,<Null>,<Null>,<Null>,<Null>,<Null>,<Null>,<Null>,Yes,<Null>,<Null>,<Null>,<Null>,Yes,Yes,Yes,<Null>,<Null>,<Null>,D12,111,Rockcliffe-Smythe (111),13873,111
-8848581.718,5415148.762,80898085,7001725049,2017,2017/09/23 04:00:00+00,50,0,ROCKCLIFFE BLVD,WOOLNER AVE,150 m North of,Collector,Etobicoke York,5,12,43.674117,-79.488162,Mid-Block,Non Intersection,No Control,Clear,"Dark, artificial",Dry,Non-Fatal Injury,SMV Other,Passenger,15 to 19,Minimal,<Null>,<Null>,<Null>,<Null>,<Null>,<Null>,<Null>,<Null>,<Null>,<Null>,<Null>,<Null>,<Null>,<Null>,Yes,<Null>,<Null>,<Null>,<Null>,Yes,Yes,Yes,<Null>,<Null>,<Null>,D12,111,Rockcliffe-Smythe (111),13874,111
-8848581.718,5415148.762,80898086,7001725049,2017,2017/09/23 04:00:00+00,50,0,ROCKCLIFFE BLVD,WOOLNER AVE,150 m North of,Collector,Etobicoke York,5,12,43.674117,-79.488162,Mid-Block,Non Intersection,No Control,Clear,"Dark, artificial",Dry,Non-Fatal Injury,SMV Other,Driver,20 to 24,Minimal,<Null>,South,Passenger Van,Going Ahead,Lost control,Unknown,<Null>,<Null>,<Null>,<Null>,<Null>,<Null>,<Null>,<Null>,Yes,<Null>,<Null>,<Null>,<Null>,Yes,Yes,Yes,<Null>,<Null>,<Null>,D12,111,Rockcliffe-Smythe (111),13875,111
-8840802.155,5433146.769,80792418,7001731321,2017,2017/09/24 04:00:00+00,0,0,YONGE ST,CENTRE AVE,80 m South of,Major Arterial,North York,18,32,43.790942,-79.418277,Mid-Block,Non Intersection,No Control,Clear,"Dark, artificial",Dry,Non-Fatal Injury,Pedestrian Collisions,Driver,25 to 29,None,<Null>,North,"Automobile, Station Wagon",Going Ahead,Lost control,Inattentive,<Null>,<Null>,<Null>,<Null>,<Null>,<Null>,Yes,<Null>,Yes,<Null>,<Null>,<Null>,<Null>,<Null>,<Null>,Yes,<Null>,<Null>,<Null>,D32,50,Newtonbrook East (50),13876,50
-8840802.155,5433146.769,80792419,7001731321,2017,2017/09/24 04:00:00+00,0,0,YONGE ST,CENTRE AVE,80 m South of,Major Arterial,North York,18,32,43.790942,-79.418277,Mid-Block,Non Intersection,No Control,Clear,"Dark, artificial",Dry,Non-Fatal Injury,Pedestrian Collisions,Pedestrian,30 to 34,Major,<Null>,Unknown,<Null>,<Null>,<Null>,<Null>,Pedestrian hit on sidewalk or shoulder,On Sidewalk or Shoulder,Normal,<Null>,<Null>,<Null>,Yes,<Null>,Yes,<Null>,<Null>,<Null>,<Null>,<Null>,<Null>,Yes,<Null>,<Null>,<Null>,D32,50,Newtonbrook East (50),13877,50
-8840802.155,5433146.769,80792420,7001731321,2017,2017/09/24 04:00:00+00,0,0,YONGE ST,CENTRE AVE,80 m South of,Major Arterial,North York,18,32,43.790942,-79.418277,Mid-Block,Non Intersection,No Control,Clear,"Dark, artificial",Dry,Non-Fatal Injury,Pedestrian Collisions,Pedestrian,30 to 34,Major,<Null>,Unknown,<Null>,<Null>,<Null>,<Null>,Pedestrian hit on sidewalk or shoulder,On Sidewalk or Shoulder,Normal,<Null>,<Null>,<Null>,Yes,<Null>,Yes,<Null>,<Null>,<Null>,<Null>,<Null>,<Null>,Yes,<Null>,<Null>,<Null>,D32,50,Newtonbrook East (50),13878,50