X,Y,INDEX_,ACCNUM,YEAR,DATE,TIME,HOUR,STREET1,STREET2,OFFSET,ROAD_CLASS,DISTRICT,WARDNUM,DIVISION,LATITUDE,LONGITUDE,LOCCOORD,ACCLOC,TRAFFCTL,VISIBILITY,LIGHT,RDSFCOND,ACCLASS,IMPACTYPE,INVTYPE,INVAGE,INJURY,FATAL_NO,INITDIR,VEHTYPE,MANOEUVER,DRIVACT,DRIVCOND,PEDTYPE,PEDACT,PEDCOND,CYCLISTYPE,CYCACT,CYCCOND,PEDESTRIAN,CYCLIST,AUTOMOBILE,MOTORCYCLE,TRUCK,TRSN_CITY_VEH,EMERG_VEH,PASSENGER,SPEEDING,AG_DRIV,REDLIGHT,ALCOHOL,DISABILITY,POLICE_DIVISION,HOOD_ID,NEIGHBOURHOOD,ObjectId,VEHICLES_IN_STREET
-8849283.253,5431692.067,80940788,7002025580,2017,2017/11/08 05:00:00+00,2009,20,KEELE ST,STEELES AVE W,<Null>,Major Arterial,Etobicoke York,"7,6",31,43.781508,-79.494464,Intersection,At Intersection,Traffic Signal,Clear,"Dark, artificial",Dry,Non-Fatal Injury,Turning Movement,Driver,20 to 24,Major,<Null>,North,"Automobile, Station Wagon",Going Ahead,Driving Properly,Inattentive,<Null>,<Null>,<Null>,<Null>,<Null>,<Null>,<Null>,<Null>,Yes,<Null>,<Null>,<Null>,<Null>,<Null>,<Null>,Yes,<Null>,<Null>,<Null>,D31,27,York University Heights (27),14121,27
-8841290.514,5412103.242,80790888,7003233329,2017,2017/12/20 05:00:00+00,1139,11,COLLEGE ST,OSSINGTON AVE,<Null>,Major Arterial,Toronto and East York,"9,11",14,43.654326,-79.422664,Intersection,At Intersection,Traffic Signal,Other,Daylight,Other,Fatal,Cyclist Collisions,Cyclist,45 to 49,Fatal,60,West,Bicycle,Other,<Null>,<Null>,<Null>,<Null>,<Null>,Insufficient information (to determine cyclist crash type).,Driving Properly,Other,<Null>,Yes,<Null>,<Null>,Yes,<Null>,<Null>,<Null>,<Null>,<Null>,<Null>,<Null>,<Null>,D14,81,Trinity-Bellwoods (81),14126,81
-8850084.197,5429639.622,80783693,7001794171,2017,2017/10/03 04:00:00+00,1623,16,SENTINEL RD,ASSINIBOINE RD,15 m South of,Minor Arterial,Etobicoke York,7,31,43.768195,-79.501659,Intersection,At Intersection,No Control,Clear,Daylight,Dry,Fatal,Pedestrian Collisions,Driver,20 to 24,None,<Null>,South,"Automobile, Station Wagon",Going Ahead,Driving Properly,Unknown,<Null>,<Null>,<Null>,<Null>,<Null>,<Null>,Yes,<Null>,Yes,<Null>,<Null>,<Null>,<Null>,<Null>,<Null>,<Null>,<Null>,<Null>,<Null>,D31,27,York University Heights (27),14129,27
-8840324.817,5430489.343,80787358,7002034653,2017,2017/11/10 05:00:00+00,900,9,YONGE ST,CHURCH AVE,<Null>,Major Arterial,North York,18,32,43.773707,-79.413989,Intersection,At Intersection,Traffic Signal,Clear,Daylight,Wet,Non-Fatal Injury,Pedestrian Collisions,Driver,25 to 29,None,<Null>,South,"Automobile, Station Wagon",Turning Left,Improper Turn,Inattentive,<Null>,<Null>,<Null>,<Null>,<Null>,<Null>,Yes,<Null>,Yes,<Null>,<Null>,<Null>,<Null>,Yes,<Null>,<Null>,<Null>,<Null>,<Null>,D32,51,Willowdale East (51),14130,51
-8841290.514,5412103.242,80790889,7003233329,2017,2017/12/20 05:00:00+00,1139,11,COLLEGE ST,OSSINGTON AVE,<Null>,Major Arterial,Toronto and East York,"9,11",14,43.654326,-79.422664,Intersection,At Intersection,Traffic Signal,Other,Daylight,Other,Fatal,Cyclist Collisions,Truck Driver,50 to 54,None,<Null>,West,Truck (other),Going Ahead,Driving Properly,Unknown,<Null>,<Null>,<Null>,<Null>,<Null>,<Null>,<Null>,Yes,<Null>,<Null>,Yes,<Null>,<Null>,<Null>,<Null>,<Null>,<Null>,<Null>,<Null>,D14,81,Trinity-Bellwoods (81),14133,81
-8823677.767,5422842.513,80784027,7001798069,2017,2017/10/04 04:00:00+00,830,8,KENNEDY RD,FOXRIDGE DR,<Null>,Major Arterial,Scarborough,20,41,43.724085,-79.264446,Intersection,At Intersection,No Control,Clear,Daylight,Dry,Non-Fatal Injury,Cyclist Collisions,Driver,80 to 84,None,<Null>,North,"Automobile, Station Wagon",Turning Left,Failed to Yield Right of Way,Inattentive,<Null>,<Null>,<Null>,<Null>,<Null>,<Null>,<Null>,Yes,Yes,<Null>,<Null>,<Null>,<Null>,<Null>,<Null>,Yes,<Null>,<Null>,<Null>,D41,124,Kennedy Park (124),14137,124
-8840324.817,5430489.343,80787359,7002034653,2017,2017/11/10 05:00:00+00,900,9,YONGE ST,CHURCH AVE,<Null>,Major Arterial,North York,18,32,43.773707,-79.413989,Intersection,At Intersection,Traffic Signal,Clear,Daylight,Wet,Non-Fatal Injury,Pedestrian Collisions,Driver,35 to 39,None,<Null>,North,"Automobile, Station Wagon",Going Ahead,Driving Properly,Normal,<Null>,<Null>,<Null>,<Null>,<Null>,<Null>,Yes,<Null>,Yes,<Null>,<Null>,<Null>,<Null>,Yes,<Null>,<Null>,<Null>,<Null>,<Null>,D32,51,Willowdale East (51),14141,51
-8823490.861,5438834.091,80790890,7003236001,2017,2017/12/20 05:00:00+00,1845,18,PASSMORE AVE,MAYBROOK DR,<Null>,Collector,Scarborough,23,42,43.827811,-79.262767,Mid-Block,Non Intersection,No Control,Other,Daylight,Other,Fatal,Pedestrian Collisions,Pedestrian,55 to 59,Fatal,61,South,<Null>,<Null>,<Null>,<Null>,Pedestrian hit at mid-block,"Crossing, no Traffic Control",Unknown,<Null>,<Null>,<Null>,Yes,<Null>,Yes,<Null>,<Null>,<Null>,<Null>,<Null>,<Null>,<Null>,<Null>,<Null>,<Null>,D42,130,Milliken (130),14143,130
-8840324.817,5430489.343,80787360,7002034653,2017,2017/11/10 05:00:00+00,900,9,YONGE ST,CHURCH AVE,<Null>,Major Arterial,North York,18,32,43.773707,-79.413989,Intersection,At Intersection,Traffic Signal,Clear,Daylight,Wet,Non-Fatal Injury,Pedestrian Collisions,Driver,45 to 49,None,<Null>,West,"Automobile, Station Wagon",Stopped,Driving Properly,Normal,<Null>,<Null>,<Null>,<Null>,<Null>,<Null>,Yes,<Null>,Yes,<Null>,<Null>,<Null>,<Null>,Yes,<Null>,<Null>,<Null>,<Null>,<Null>,D32,51,Willowdale East (51),14146,51
-8823490.861,5438834.091,80790891,7003236001,2017,2017/12/20 05:00:00+00,1845,18,PASSMORE AVE,MAYBROOK DR,<Null>,Collector,Scarborough,23,42,43.827811,-79.262767,Mid-Block,Non Intersection,No Control,Other,Daylight,Other,Fatal,Pedestrian Collisions,Driver,50 to 54,None,<Null>,East,"Automobile, Station Wagon",Going Ahead,Driving Properly,Unknown,<Null>,<Null>,<Null>,<Null>,<Null>,<Null>,Yes,<Null>,Yes,<Null>,<Null>,<Null>,<Null>,<Null>,<Null>,<Null>,<Null>,<Null>,<Null>,D42,130,Milliken (130),14149,130
-8840324.817,5430489.343,80787361,7002034653,2017,2017/11/10 05:00:00+00,900,9,YONGE ST,CHURCH AVE,<Null>,Major Arterial,North York,18,32,43.773707,-79.413989,Intersection,At Intersection,Traffic Signal,Clear,Daylight,Wet,Non-Fatal Injury,Pedestrian Collisions,Pedestrian,65 to 69,Major,<Null>,Unknown,<Null>,<Null>,<Null>,<Null>,Pedestrian hit on sidewalk or shoulder,On Sidewalk or Shoulder,Normal,<Null>,<Null>,<Null>,Yes,<Null>,Yes,<Null>,<Null>,<Null>,<Null>,Yes,<Null>,<Null>,<Null>,<Null>,<Null>,D32,51,Willowdale East (51),14152,51
-8840324.817,5430489.343,80787362,7002034653,2017,2017/11/10 05:00:00+00,900,9,YONGE ST,CHURCH AVE,<Null>,Major Arterial,North York,18,32,43.773707,-79.413989,Intersection,At Intersection,Traffic Signal,Clear,Daylight,Wet,Non-Fatal Injury,Pedestrian Collisions,Passenger,35 to 39,None,<Null>,<Null>,<Null>,<Null>,<Null>,<Null>,<Null>,<Null>,<Null>,<Null>,<Null>,<Null>,Yes,<Null>,Yes,<Null>,<Null>,<Null>,<Null>,Yes,<Null>,<Null>,<Null>,<Null>,<Null>,D32,51,Willowdale East (51),14153,51
-8840324.817,5430489.343,80787363,7002034653,2017,2017/11/10 05:00:00+00,900,9,YONGE ST,CHURCH AVE,<Null>,Major Arterial,North York,18,32,43.773707,-79.413989,Intersection,At Intersection,Traffic Signal,Clear,Daylight,Wet,Non-Fatal Injury,Pedestrian Collisions,Passenger,45 to 49,None,<Null>,<Null>,<Null>,<Null>,<Null>,<Null>,<Null>,<Null>,<Null>,<Null>,<Null>,<Null>,Yes,<Null>,Yes,<Null>,<Null>,<Null>,<Null>,Yes,<Null>,<Null>,<Null>,<Null>,<Null>,D32,51,Willowdale East (51),14154,51
-8833229.758,5418081.818,80891695,7002038270,2017,2017/11/10 05:00:00+00,1850,18,O CONNOR DR,PAPE AVE,<Null>,Major Arterial,Toronto and East York,14,54,43.693171,-79.350253,Intersection,At Intersection,Traffic Signal,Clear,"Dark, artificial",Dry,Non-Fatal Injury,Pedestrian Collisions,Pedestrian,50 to 54,Major,<Null>,West,<Null>,<Null>,<Null>,<Null>,Vehicle turns left while ped crosses with ROW at inter.,Crossing with right of way,Normal,<Null>,<Null>,<Null>,Yes,<Null>,Yes,<Null>,<Null>,<Null>,<Null>,<Null>,<Null>,Yes,<Null>,<Null>,<Null>,D54,58,Old East York (58),14155,58
-8833229.758,5418081.818,80891696,7002038270,2017,2017/11/10 05:00:00+00,1850,18,O CONNOR DR,PAPE AVE,<Null>,Major Arterial,Toronto and East York,14,54,43.693171,-79.350253,Intersection,At Intersection,Traffic Signal,Clear,"Dark, artificial",Dry,Non-Fatal Injury,Pedestrian Collisions,Driver,unknown,None,<Null>,West,"Automobile, Station Wagon",Turning Left,Failed to Yield Right of Way,Unknown,<Null>,<Null>,<Null>,<Null>,<Null>,<Null>,Yes,<Null>,Yes,<Null>,<Null>,<Null>,<Null>,<Null>,<Null>,Yes,<Null>,<Null>,<Null>,D54,58,Old East York (58),14156,58
-8826756.419,5425125.789,80787041,7002039286,2017,2017/11/10 05:00:00+00,2233,22,WARDEN AVE,WAYNE AVE,147 M North,Major Arterial,Scarborough,21,41,43.738906,-79.292102,Mid-Block,Non Intersection,No Control,Clear,"Dark, artificial",Dry,Fatal,Pedestrian Collisions,Pedestrian,55 to 59,Fatal,53,West,<Null>,<Null>,<Null>,<Null>,Pedestrian hit at mid-block,"Crossing, no Traffic Control",Normal,<Null>,<Null>,<Null>,Yes,<Null>,Yes,<Null>,<Null>,<Null>,<Null>,<Null>,<Null>,<Null>,<Null>,<Null>,<Null>,D41,119,Wexford/Maryvale (119),14157,119
-8826756.419,5425125.789,80789132,7002039286,2017,2017/11/10 05:00:00+00,2233,22,WARDEN AVE,WAYNE AVE,147 M North,Major Arterial,Scarborough,21,41,43.738906,-79.292102,Mid-Block,Non Intersection,No Control,Clear,"Dark, artificial",Dry,Fatal,Pedestrian Collisions,Driver,20 to 24,None,<Null>,South,Passenger Van,Going Ahead,Driving Properly,Normal,<Null>,<Null>,<Null>,<Null>,<Null>,<Null>,Yes,<Null>,Yes,<Null>,<Null>,<Null>,<Null>,<Null>,<Null>,<Null>,<Null>,<Null>,<Null>,D41,119,Wexford/Maryvale (119),14158,119
-8842460.816,5410457.716,80918084,7002045766,2017,2017/11/12 05:00:00+00,138,1,BROCK AVE,SEAFORTH  AVE,21 m North of,Collector,Toronto and East York,4,11,43.64363,-79.433177,Intersection,At Intersection,No Control,Clear,"Dark, artificial",Dry,Non-Fatal Injury,Pedestrian Collisions,Pedestrian,65 to 69,Major,<Null>,Unknown,<Null>,<Null>,<Null>,<Null>,Pedestrian hit at mid-block,Walking on Roadway with Traffic,Had Been Drinking,<Null>,<Null>,<Null>,Yes,<Null>,Yes,<Null>,<Null>,<Null>,<Null>,<Null>,<Null>,<Null>,<Null>,<Null>,<Null>,D11,86,Roncesvalles (86),14159,86
-8842460.816,5410457.716,80918085,7002045766,2017,2017/11/12 05:00:00+00,138,1,BROCK AVE,SEAFORTH  AVE,21 m North of,Collector,Toronto and East York,4,11,43.64363,-79.433177,Intersection,At Intersection,No Control,Clear,"Dark, artificial",Dry,Non-Fatal Injury,Pedestrian Collisions,Driver,25 to 29,None,<Null>,South,"Automobile, Station Wagon",Going Ahead,Other,Had Been Drinking,<Null>,<Null>,<Null>,<Null>,<Null>,<Null>,Yes,<Null>,Yes,<Null>,<Null>,<Null>,<Null>,<Null>,<Null>,<Null>,<Null>,<Null>,<Null>,D11,86,Roncesvalles (86),14160,86
-8823306.628,5439824.783,80940842,7002059893,2017,2017/11/14 05:00:00+00,1054,10,STEELES AVE E,SHADLOCK ST,20 m East of,Major Arterial,Scarborough,23,42,43.834231,-79.261112,Intersection,At Intersection,Traffic Signal,Clear,Daylight,Dry,Non-Fatal Injury,Rear End,Driver,40 to 44,Major,<Null>,West,"Automobile, Station Wagon",Going Ahead,Following too Close,Normal,<Null>,<Null>,<Null>,<Null>,<Null>,<Null>,<Null>,<Null>,Yes,<Null>,<Null>,Yes,<Null>,<Null>,<Null>,Yes,<Null>,<Null>,<Null>,D42,130,Milliken (130),14161,130
-8823306.628,5439824.783,80940843,7002059893,2017,2017/11/14 05:00:00+00,1054,10,STEELES AVE E,SHADLOCK ST,20 m East of,Major Arterial,Scarborough,23,42,43.834231,-79.261112,Intersection,At Intersection,Traffic Signal,Clear,Daylight,Dry,Non-Fatal Injury,Rear End,Driver,50 to 54,None,<Null>,West,"Bus (Other) (Go Bus, Gray Coach)",Stopped,Driving Properly,Normal,<Null>,<Null>,<Null>,<Null>,<Null>,<Null>,<Null>,<Null>,Yes,<Null>,<Null>,Yes,<Null>,<Null>,<Null>,Yes,<Null>,<Null>,<Null>,D42,130,Milliken (130),14162,130
-8850042.564,5429107.507,80894480,7003011875,2017,2017/11/15 05:00:00+00,2100,21,MURRAY ROSS PKWY,SENTINEL RD,<Null>,Minor Arterial,Etobicoke York,7,31,43.764743,-79.501285,Intersection,At Intersection,Traffic Signal,Clear,"Dark, artificial",Dry,Non-Fatal Injury,Pedestrian Collisions,Pedestrian,15 to 19,Major,<Null>,North,<Null>,<Null>,<Null>,<Null>,Vehicle turns left while ped crosses with ROW at inter.,Crossing with right of way,Normal,<Null>,<Null>,<Null>,Yes,<Null>,Yes,<Null>,<Null>,<Null>,<Null>,<Null>,<Null>,Yes,<Null>,<Null>,<Null>,D31,27,York University Heights (27),14163,27
-8850042.564,5429107.507,80894481,7003011875,2017,2017/11/15 05:00:00+00,2100,21,MURRAY ROSS PKWY,SENTINEL RD,<Null>,Minor Arterial,Etobicoke York,7,31,43.764743,-79.501285,Intersection,At Intersection,Traffic Signal,Clear,"Dark, artificial",Dry,Non-Fatal Injury,Pedestrian Collisions,Driver,unknown,None,<Null>,North,"Automobile, Station Wagon",Turning Left,Failed to Yield Right of Way,Unknown,<Null>,<Null>,<Null>,<Null>,<Null>,<Null>,Yes,<Null>,Yes,<Null>,<Null>,<Null>,<Null>,<Null>,<Null>,Yes,<Null>,<Null>,<Null>,D31,27,York University Heights (27),14164,27
-8834904.671,5433043.14,80943064,7003008719,2017,2017/11/16 05:00:00+00,1120,11,FINCH AVE E,RAVEL RD,<Null>,Major Arterial,North York,17,33,43.79027,-79.365299,Intersection,At Intersection,No Control,Clear,Daylight,Dry,Non-Fatal Injury,Pedestrian Collisions,Pedestrian,80 to 84,Major,<Null>,North,<Null>,<Null>,<Null>,<Null>,Vehicle is going straight thru inter.while ped cross without ROW,"Crossing, no Traffic Control",Normal,<Null>,<Null>,<Null>,Yes,<Null>,Yes,<Null>,<Null>,<Null>,<Null>,<Null>,<Null>,<Null>,<Null>,<Null>,<Null>,D33,47,Don Valley Village (47),14165,47
-8834904.671,5433043.14,80943065,7003008719,2017,2017/11/16 05:00:00+00,1120,11,FINCH AVE E,RAVEL RD,<Null>,Major Arterial,North York,17,33,43.79027,-79.365299,Intersection,At Intersection,No Control,Clear,Daylight,Dry,Non-Fatal Injury,Pedestrian Collisions,Pedestrian,80 to 84,Major,<Null>,North,<Null>,<Null>,<Null>,<Null>,Vehicle is going straight thru inter.while ped cross without ROW,"Crossing, no Traffic Control",Normal,<Null>,<Null>,<Null>,Yes,<Null>,Yes,<Null>,<Null>,<Null>,<Null>,<Null>,<Null>,<Null>,<Null>,<Null>,<Null>,D33,47,Don Valley Village (47),14166,47
-8834904.671,5433043.14,80943066,7003008719,2017,2017/11/16 05:00:00+00,1120,11,FINCH AVE E,RAVEL RD,<Null>,Major Arterial,North York,17,33,43.79027,-79.365299,Intersection,At Intersection,No Control,Clear,Daylight,Dry,Non-Fatal Injury,Pedestrian Collisions,Driver,70 to 74,None,<Null>,West,"Automobile, Station Wagon",Going Ahead,Driving Properly,Normal,<Null>,<Null>,<Null>,<Null>,<Null>,<Null>,Yes,<Null>,Yes,<Null>,<Null>,<Null>,<Null>,<Null>,<Null>,<Null>,<Null>,<Null>,<Null>,D33,47,Don Valley Village (47),14167,47
-8820364.565,5432053.177,80790482,7003025582,2017,2017/11/19 05:00:00+00,145,1,MARKHAM RD,HIGHWAY 401 C E,<Null>,Major Arterial,Scarborough,24,43,43.78385,-79.234683,Intersection,At Intersection,Traffic Signal,Rain,"Dark, artificial",Wet,Non-Fatal Injury,Turning Movement,Driver,30 to 34,Minor,<Null>,South,"Automobile, Station Wagon",Going Ahead,Disobeyed Traffic Control,Normal,<Null>,<Null>,<Null>,<Null>,<Null>,<Null>,<Null>,<Null>,Yes,<Null>,<Null>,<Null>,<Null>,<Null>,<Null>,Yes,Yes,<Null>,<Null>,D43,137,Woburn (137),14168,137
-8820364.565,5432053.177,80790483,7003025582,2017,2017/11/19 05:00:00+00,145,1,MARKHAM RD,HIGHWAY 401 C E,<Null>,Major Arterial,Scarborough,24,43,43.78385,-79.234683,Intersection,At Intersection,Traffic Signal,Rain,"Dark, artificial",Wet,Non-Fatal Injury,Turning Movement,Driver,30 to 34,Minimal,<Null>,East,"Automobile, Station Wagon",Turning Left,Driving Properly,Normal,<Null>,<Null>,<Null>,<Null>,<Null>,<Null>,<Null>,<Null>,Yes,<Null>,<Null>,<Null>,<Null>,<Null>,<Null>,Yes,Yes,<Null>,<Null>,D43,137,Woburn (137),14169,137
-8820364.565,5432053.177,80790484,7003025582,2017,2017/11/19 05:00:00+00,145,1,MARKHAM RD,HIGHWAY 401 C E,<Null>,Major Arterial,Scarborough,24,43,43.78385,-79.234683,Intersection,At Intersection,Traffic Signal,Rain,"Dark, artificial",Wet,Non-Fatal Injury,Turning Movement,Driver,35 to 39,None,<Null>,East,"Automobile, Station Wagon",Turning Left,Driving Properly,Normal,<Null>,<Null>,<Null>,<Null>,<Null>,<Null>,<Null>,<Null>,Yes,<Null>,<Null>,<Null>,<Null>,<Null>,<Null>,Yes,Yes,<Null>,<Null>,D43,137,Woburn (137),14170,137
-8820364.565,5432053.177,80790485,7003025582,2017,2017/11/19 05:00:00+00,145,1,MARKHAM RD,HIGHWAY 401 C E,<Null>,Major Arterial,Scarborough,24,43,43.78385,-79.234683,Intersection,At Intersection,Traffic Signal,Rain,"Dark, artificial",Wet,Non-Fatal Injury,Turning Movement,Other,5 to 9,Minor,<Null>,<Null>,<Null>,<Null>,<Null>,<Null>,<Null>,<Null>,<Null>,<Null>,<Null>,<Null>,<Null>,<Null>,Yes,<Null>,<Null>,<Null>,<Null>,<Null>,<Null>,Yes,Yes,<Null>,<Null>,D43,137,Woburn (137),14171,137
-8820364.565,5432053.177,80790486,7003025582,2017,2017/11/19 05:00:00+00,145,1,MARKHAM RD,HIGHWAY 401 C E,<Null>,Major Arterial,Scarborough,24,43,43.78385,-79.234683,Intersection,At Intersection,Traffic Signal,Rain,"Dark, artificial",Wet,Non-Fatal Injury,Turning Movement,Other,0 to 4,Major,<Null>,<Null>,<Null>,<Null>,<Null>,<Null>,<Null>,<Null>,<Null>,<Null>,<Null>,<Null>,<Null>,<Null>,Yes,<Null>,<Null>,<Null>,<Null>,<Null>,<Null>,Yes,Yes,<Null>,<Null>,D43,137,Woburn (137),14172,137
-8816802.675,5435910.78,80894766,7003035301,2017,2017/11/20 05:00:00+00,1809,18,MORNINGSIDE AVE,CASEBRIDGE CRT,10 m North of,Major Arterial,Scarborough,25,42,43.808863,-79.202686,Intersection,At Intersection,Traffic Signal,Clear,"Dark, artificial",Dry,Non-Fatal Injury,Turning Movement,Passenger,60 to 64,Major,<Null>,<Null>,<Null>,<Null>,<Null>,<Null>,<Null>,<Null>,<Null>,<Null>,<Null>,<Null>,<Null>,<Null>,Yes,<Null>,<Null>,<Null>,<Null>,Yes,<Null>,Yes,<Null>,<Null>,<Null>,D42,131,Rouge (131),14173,131
-8816802.675,5435910.78,80894767,7003035301,2017,2017/11/20 05:00:00+00,1809,18,MORNINGSIDE AVE,CASEBRIDGE CRT,10 m North of,Major Arterial,Scarborough,25,42,43.808863,-79.202686,Intersection,At Intersection,Traffic Signal,Clear,"Dark, artificial",Dry,Non-Fatal Injury,Turning Movement,Driver,25 to 29,None,<Null>,North,"Automobile, Station Wagon",Going Ahead,Driving Properly,Normal,<Null>,<Null>,<Null>,<Null>,<Null>,<Null>,<Null>,<Null>,Yes,<Null>,<Null>,<Null>,<Null>,Yes,<Null>,Yes,<Null>,<Null>,<Null>,D42,131,Rouge (131),14174,131
-8816802.675,5435910.78,80894768,7003035301,2017,2017/11/20 05:00:00+00,1809,18,MORNINGSIDE AVE,CASEBRIDGE CRT,10 m North of,Major Arterial,Scarborough,25,42,43.808863,-79.202686,Intersection,At Intersection,Traffic Signal,Clear,"Dark, artificial",Dry,Non-Fatal Injury,Turning Movement,Driver,60 to 64,Minimal,<Null>,South,"Automobile, Station Wagon",Turning Left,Failed to Yield Right of Way,Normal,<Null>,<Null>,<Null>,<Null>,<Null>,<Null>,<Null>,<Null>,Yes,<Null>,<Null>,<Null>,<Null>,Yes,<Null>,Yes,<Null>,<Null>,<Null>,D42,131,Rouge (131),14175,131
-8836891.947,5409939.012,80788717,7003043829,2017,2017/11/21 05:00:00+00,2319,23,LAKE SHORE BLVD W,LOWER SIMCOE ST,<Null>,Expressway,Toronto and East York,10,52,43.640258,-79.383151,Intersection,At Intersection,Traffic Signal,Clear,"Dark, artificial",Dry,Non-Fatal Injury,Pedestrian Collisions,Driver,55 to 59,None,<Null>,North,"Automobile, Station Wagon",Turning Left,Failed to Yield Right of Way,Normal,<Null>,<Null>,<Null>,<Null>,<Null>,<Null>,Yes,<Null>,Yes,<Null>,<Null>,<Null>,<Null>,<Null>,<Null>,Yes,<Null>,<Null>,<Null>,D52,77,Waterfront Communities-The Island (77),14176,77
-8836891.947,5409939.012,80788718,7003043829,2017,2017/11/21 05:00:00+00,2319,23,LAKE SHORE BLVD W,LOWER SIMCOE ST,<Null>,Expressway,Toronto and East York,10,52,43.640258,-79.383151,Intersection,At Intersection,Traffic Signal,Clear,"Dark, artificial",Dry,Non-Fatal Injury,Pedestrian Collisions,Pedestrian,60 to 64,Major,<Null>,North,<Null>,<Null>,<Null>,<Null>,Vehicle turns left while ped crosses with ROW at inter.,Crossing with right of way,Normal,<Null>,<Null>,<Null>,Yes,<Null>,Yes,<Null>,<Null>,<Null>,<Null>,<Null>,<Null>,Yes,<Null>,<Null>,<Null>,D52,77,Waterfront Communities-The Island (77),14177,77
-8836891.947,5409939.012,80788719,7003043829,2017,2017/11/21 05:00:00+00,2319,23,LAKE SHORE BLVD W,LOWER SIMCOE ST,<Null>,Expressway,Toronto and East York,10,52,43.640258,-79.383151,Intersection,At Intersection,Traffic Signal,Clear,"Dark, artificial",Dry,Non-Fatal Injury,Pedestrian Collisions,Pedestrian,25 to 29,None,<Null>,North,<Null>,<Null>,<Null>,<Null>,Vehicle turns left while ped crosses with ROW at inter.,Crossing with right of way,Normal,<Null>,<Null>,<Null>,Yes,<Null>,Yes,<Null>,<Null>,<Null>,<Null>,<Null>,<Null>,Yes,<Null>,<Null>,<Null>,D52,77,Waterfront Communities-The Island (77),14178,77
-8836696.692,5423774.027,80790060,178057130,2017,2017/11/22 05:00:00+00,1110,11,BAYVIEW AVE,LAWRENCE AVE E,<Null>,Major Arterial,North York,15,"53,33,32",43.730132,-79.381397,Mid-Block,Non Intersection,No Control,Clear,Daylight,Dry,Non-Fatal Injury,SMV Other,Driver,30 to 34,Major,<Null>,South,"Automobile, Station Wagon",Going Ahead,Driving Properly,Normal,<Null>,<Null>,<Null>,<Null>,<Null>,<Null>,<Null>,<Null>,Yes,<Null>,<Null>,<Null>,<Null>,<Null>,<Null>,<Null>,<Null>,<Null>,<Null>,D53,41,Bridle Path-Sunnybrook-York Mills (41),14179,41
-8821194.34,5432482.61,80927502,7003055739,2017,2017/11/23 05:00:00+00,1630,16,MILNER  AVE,EXECUTIVE CRT,18 m East of,Minor Arterial,Scarborough,23,42,43.786635,-79.242137,Intersection,Intersection Related,No Control,Clear,Dusk,Dry,Non-Fatal Injury,Pedestrian Collisions,Pedestrian,50 to 54,Major,<Null>,North,<Null>,<Null>,<Null>,<Null>,Pedestrian hit at mid-block,"Crossing, no Traffic Control",Inattentive,<Null>,<Null>,<Null>,Yes,<Null>,Yes,<Null>,<Null>,<Null>,<Null>,<Null>,<Null>,<Null>,<Null>,<Null>,<Null>,D42,128,Agincourt South-Malvern West (128),14180,128
-8821194.34,5432482.61,80927503,7003055739,2017,2017/11/23 05:00:00+00,1630,16,MILNER  AVE,EXECUTIVE CRT,18 m East of,Minor Arterial,Scarborough,23,42,43.786635,-79.242137,Intersection,Intersection Related,No Control,Clear,Dusk,Dry,Non-Fatal Injury,Pedestrian Collisions,Driver,55 to 59,None,<Null>,East,"Automobile, Station Wagon",Going Ahead,Driving Properly,Normal,<Null>,<Null>,<Null>,<Null>,<Null>,<Null>,Yes,<Null>,Yes,<Null>,<Null>,<Null>,<Null>,<Null>,<Null>,<Null>,<Null>,<Null>,<Null>,D42,128,Agincourt South-Malvern West (128),14181,128
-8826429.473,5416099.356,80901586,7003056643,2017,2017/11/23 05:00:00+00,1856,18,KINGSTON RD,BALSAM AVE,<Null>,Major Arterial,Toronto and East York,19,55,43.680293,-79.289165,Intersection,At Intersection,No Control,Clear,Dark,Dry,Non-Fatal Injury,Cyclist Collisions,Cyclist,55 to 59,Major,<Null>,East,Bicycle,Going Ahead,<Null>,<Null>,<Null>,<Null>,<Null>,Motorist turned left across cyclists path.,Driving Properly,Normal,<Null>,Yes,Yes,<Null>,<Null>,<Null>,<Null>,<Null>,<Null>,<Null>,<Null>,<Null>,<Null>,D55,63,The Beaches (63),14182,63
-8826429.473,5416099.356,80901587,7003056643,2017,2017/11/23 05:00:00+00,1856,18,KINGSTON RD,BALSAM AVE,<Null>,Major Arterial,Toronto and East York,19,55,43.680293,-79.289165,Intersection,At Intersection,No Control,Clear,Dark,Dry,Non-Fatal Injury,Cyclist Collisions,Driver,15 to 19,None,<Null>,West,"Automobile, Station Wagon",Turning Left,Improper Turn,Inattentive,<Null>,<Null>,<Null>,<Null>,<Null>,<Null>,<Null>,Yes,Yes,<Null>,<Null>,<Null>,<Null>,<Null>,<Null>,<Null>,<Null>,<Null>,<Null>,D55,63,The Beaches (63),14183,63