X,Y,INDEX_,ACCNUM,YEAR,DATE,TIME,HOUR,STREET1,STREET2,OFFSET,ROAD_CLASS,DISTRICT,WARDNUM,DIVISION,LATITUDE,LONGITUDE,LOCCOORD,ACCLOC,TRAFFCTL,VISIBILITY,LIGHT,RDSFCOND,ACCLASS,IMPACTYPE,INVTYPE,INVAGE,INJURY,FATAL_NO,INITDIR,VEHTYPE,MANOEUVER,DRIVACT,DRIVCOND,PEDTYPE,PEDACT,PEDCOND,CYCLISTYPE,CYCACT,CYCCOND,PEDESTRIAN,CYCLIST,AUTOMOBILE,MOTORCYCLE,TRUCK,TRSN_CITY_VEH,EMERG_VEH,PASSENGER,SPEEDING,AG_DRIV,REDLIGHT,ALCOHOL,DISABILITY,POLICE_DIVISION,HOOD_ID,NEIGHBOURHOOD,ObjectId,VEHICLES_IN_STREET
-8854144.687,5402722.469,80919710,7001906466,2017,2017/10/21 04:00:00+00,1310,13,LAKE SHORE BLVD W,THIRTY SEVENTH ST,<Null>,Major Arterial,Etobicoke York,3,22,43.593325,-79.538135,Intersection,At Intersection,Traffic Signal,Clear,Daylight,Dry,Non-Fatal Injury,Turning Movement,Driver,70 to 74,Minimal,<Null>,East,"Automobile, Station Wagon",Turning Left,Failed to Yield Right of Way,Inattentive,<Null>,<Null>,<Null>,<Null>,<Null>,<Null>,<Null>,<Null>,Yes,Yes,<Null>,<Null>,<Null>,Yes,<Null>,Yes,<Null>,<Null>,<Null>,D22,19,Long Branch (19),14959,19
-8840499.812,5432589.625,80911902,7001903339,2017,2017/10/21 04:00:00+00,2200,22,45 CUMMER  AVE,<Null>,<Null>,Minor Arterial,North York,18,32,43.787329,-79.415561,Mid-Block,Non Intersection,No Control,Clear,"Dark, artificial",Dry,Non-Fatal Injury,Cyclist Collisions,Cyclist,30 to 34,Major,<Null>,East,Bicycle,Going Ahead,<Null>,<Null>,<Null>,<Null>,<Null>,Cyclist and Driver travelling in same direction. One vehicle rear-ended the other.,Driving Properly,Unknown,<Null>,Yes,Yes,<Null>,<Null>,<Null>,<Null>,<Null>,<Null>,<Null>,<Null>,<Null>,<Null>,D32,50,Newtonbrook East (50),14960,50
-8840499.812,5432589.625,80911903,7001903339,2017,2017/10/21 04:00:00+00,2200,22,45 CUMMER  AVE,<Null>,<Null>,Minor Arterial,North York,18,32,43.787329,-79.415561,Mid-Block,Non Intersection,No Control,Clear,"Dark, artificial",Dry,Non-Fatal Injury,Cyclist Collisions,Driver,unknown,None,<Null>,East,"Automobile, Station Wagon",Going Ahead,Lost control,Unknown,<Null>,<Null>,<Null>,<Null>,<Null>,<Null>,<Null>,Yes,Yes,<Null>,<Null>,<Null>,<Null>,<Null>,<Null>,<Null>,<Null>,<Null>,<Null>,D32,50,Newtonbrook East (50),14961,50
-8819819.322,5430098.234,80905056,7001909817,2017,2017/10/22 04:00:00+00,14,0,MARKHAM  RD,PANDORA CRCL,100 m North of,Major Arterial,Scarborough,24,43,43.77117,-79.229785,Intersection,At Intersection,Traffic Signal,Clear,"Dusk, artificial",Dry,Non-Fatal Injury,Pedestrian Collisions,Pedestrian,35 to 39,Major,<Null>,West,<Null>,<Null>,<Null>,<Null>,Vehicle is going straight thru inter.while ped cross without ROW,Crossing without right of way,Had Been Drinking,<Null>,<Null>,<Null>,Yes,<Null>,Yes,<Null>,<Null>,<Null>,<Null>,<Null>,<Null>,<Null>,<Null>,<Null>,<Null>,D43,137,Woburn (137),14962,137
-8819819.322,5430098.234,80905057,7001909817,2017,2017/10/22 04:00:00+00,14,0,MARKHAM  RD,PANDORA CRCL,100 m North of,Major Arterial,Scarborough,24,43,43.77117,-79.229785,Intersection,At Intersection,Traffic Signal,Clear,"Dusk, artificial",Dry,Non-Fatal Injury,Pedestrian Collisions,Driver,35 to 39,None,<Null>,South,"Automobile, Station Wagon",Going Ahead,Driving Properly,Normal,<Null>,<Null>,<Null>,<Null>,<Null>,<Null>,Yes,<Null>,Yes,<Null>,<Null>,<Null>,<Null>,<Null>,<Null>,<Null>,<Null>,<Null>,<Null>,D43,137,Woburn (137),14963,137
-8840643.302,5423037.065,80900037,7001912808,2017,2017/10/22 04:00:00+00,1350,13,AVENUE  RD,WOBURN AVE,30 m South of,Major Arterial,North York,8,32,43.725348,-79.41685,Intersection,Intersection Related,No Control,Clear,Daylight,Dry,Non-Fatal Injury,Sideswipe,Motorcycle Driver,55 to 59,Major,<Null>,South,Motorcycle,Going Ahead,Driving Properly,Unknown,<Null>,<Null>,<Null>,<Null>,<Null>,<Null>,<Null>,<Null>,Yes,Yes,<Null>,<Null>,<Null>,<Null>,<Null>,<Null>,<Null>,<Null>,<Null>,D32,39,Bedford Park-Nortown (39),14964,39
-8840643.302,5423037.065,80900038,7001912808,2017,2017/10/22 04:00:00+00,1350,13,AVENUE  RD,WOBURN AVE,30 m South of,Major Arterial,North York,8,32,43.725348,-79.41685,Intersection,Intersection Related,No Control,Clear,Daylight,Dry,Non-Fatal Injury,Sideswipe,Driver,45 to 49,None,<Null>,South,"Automobile, Station Wagon",Changing Lanes,Improper Lane Change,Normal,<Null>,<Null>,<Null>,<Null>,<Null>,<Null>,<Null>,<Null>,Yes,Yes,<Null>,<Null>,<Null>,<Null>,<Null>,<Null>,<Null>,<Null>,<Null>,D32,39,Bedford Park-Nortown (39),14965,39
-8839679.387,5410319.731,80892189,7001914819,2017,2017/10/22 04:00:00+00,2007,20,KING  ST W,NIAGARA ST,33 m West of,Major Arterial,Toronto and East York,10,14,43.642733,-79.408191,Mid-Block,Non Intersection,No Control,Clear,"Dark, artificial",Dry,Non-Fatal Injury,Pedestrian Collisions,Pedestrian,25 to 29,Major,<Null>,North,<Null>,<Null>,<Null>,<Null>,Pedestrian involved in a collision with transit vehicle anywhere along roadway,"Crossing, no Traffic Control",Had Been Drinking,<Null>,<Null>,<Null>,Yes,<Null>,<Null>,<Null>,<Null>,Yes,<Null>,<Null>,<Null>,<Null>,<Null>,<Null>,<Null>,D14,82,Niagara (82),14966,82
-8839679.387,5410319.731,80892190,7001914819,2017,2017/10/22 04:00:00+00,2007,20,KING  ST W,NIAGARA ST,33 m West of,Major Arterial,Toronto and East York,10,14,43.642733,-79.408191,Mid-Block,Non Intersection,No Control,Clear,"Dark, artificial",Dry,Non-Fatal Injury,Pedestrian Collisions,Driver,55 to 59,None,<Null>,West,Street Car,Going Ahead,Driving Properly,Normal,<Null>,<Null>,<Null>,<Null>,<Null>,<Null>,Yes,<Null>,<Null>,<Null>,<Null>,Yes,<Null>,<Null>,<Null>,<Null>,<Null>,<Null>,<Null>,D14,82,Niagara (82),14967,82
-8839847.591,5420059.471,80910269,7001916414,2017,2017/10/23 04:00:00+00,427,4,AVENUE  RD,WILLOWBANK BLVD,7 m South of,Major Arterial,North York,8,53,43.706015,-79.409702,Intersection,Intersection Related,No Control,Clear,"Dark, artificial",Dry,Non-Fatal Injury,SMV Other,Driver,25 to 29,Major,<Null>,South,"Automobile, Station Wagon",Going Ahead,Lost control,Fatigue,<Null>,<Null>,<Null>,<Null>,<Null>,<Null>,<Null>,<Null>,Yes,<Null>,<Null>,<Null>,<Null>,<Null>,<Null>,Yes,<Null>,<Null>,<Null>,D53,100,Yonge-Eglinton (100),14968,100
-8828765.847,5428215.99,80930346,7001917146,2017,2017/10/23 04:00:00+00,833,8,ELLESMERE RD,PHARMACY AVE,<Null>,Major Arterial,Scarborough,21,41,43.758959,-79.310153,Intersection,At Intersection,Traffic Signal,Clear,Daylight,Dry,Non-Fatal Injury,Pedestrian Collisions,Pedestrian,60 to 64,Major,<Null>,Unknown,<Null>,<Null>,<Null>,<Null>,Pedestrian hit on sidewalk or shoulder,On Sidewalk or Shoulder,Normal,<Null>,<Null>,<Null>,Yes,<Null>,Yes,<Null>,<Null>,<Null>,<Null>,<Null>,Yes,Yes,<Null>,<Null>,<Null>,D41,119,Wexford/Maryvale (119),14969,119
-8828765.847,5428215.99,80930347,7001917146,2017,2017/10/23 04:00:00+00,833,8,ELLESMERE RD,PHARMACY AVE,<Null>,Major Arterial,Scarborough,21,41,43.758959,-79.310153,Intersection,At Intersection,Traffic Signal,Clear,Daylight,Dry,Non-Fatal Injury,Pedestrian Collisions,Driver,70 to 74,None,<Null>,West,"Automobile, Station Wagon",Turning Left,Driving Properly,Normal,<Null>,<Null>,<Null>,<Null>,<Null>,<Null>,Yes,<Null>,Yes,<Null>,<Null>,<Null>,<Null>,<Null>,Yes,Yes,<Null>,<Null>,<Null>,D41,119,Wexford/Maryvale (119),14970,119
-8828765.847,5428215.99,80930348,7001917146,2017,2017/10/23 04:00:00+00,833,8,ELLESMERE RD,PHARMACY AVE,<Null>,Major Arterial,Scarborough,21,41,43.758959,-79.310153,Intersection,At Intersection,Traffic Signal,Clear,Daylight,Dry,Non-Fatal Injury,Pedestrian Collisions,Driver,25 to 29,None,<Null>,East,"Automobile, Station Wagon",Going Ahead,Exceeding Speed Limit,Normal,<Null>,<Null>,<Null>,<Null>,<Null>,<Null>,Yes,<Null>,Yes,<Null>,<Null>,<Null>,<Null>,<Null>,Yes,Yes,<Null>,<Null>,<Null>,D41,119,Wexford/Maryvale (119),14971,119
-8828765.847,5428215.99,80930349,7001917146,2017,2017/10/23 04:00:00+00,833,8,ELLESMERE RD,PHARMACY AVE,<Null>,Major Arterial,Scarborough,21,41,43.758959,-79.310153,Intersection,At Intersection,Traffic Signal,Clear,Daylight,Dry,Non-Fatal Injury,Pedestrian Collisions,Driver,20 to 24,None,<Null>,West,"Automobile, Station Wagon",Turning Left,Failed to Yield Right of Way,Normal,<Null>,<Null>,<Null>,<Null>,<Null>,<Null>,Yes,<Null>,Yes,<Null>,<Null>,<Null>,<Null>,<Null>,Yes,Yes,<Null>,<Null>,<Null>,D41,119,Wexford/Maryvale (119),14972,119
-8840992.4,5431560.393,80893255,7001941212,2017,2017/10/26 04:00:00+00,1904,19,HENDON  AVE,ELDORA  AVE,<Null>,Collector,North York,18,32,43.780654,-79.419986,Intersection,At Intersection,No Control,Clear,"Dark, artificial",Dry,Non-Fatal Injury,Pedestrian Collisions,Driver,65 to 69,None,<Null>,East,"Automobile, Station Wagon",Going Ahead,Driving Properly,Normal,<Null>,<Null>,<Null>,<Null>,<Null>,<Null>,Yes,<Null>,Yes,<Null>,<Null>,<Null>,<Null>,<Null>,<Null>,Yes,<Null>,<Null>,<Null>,D32,36,Newtonbrook West (36),14973,36
-8840992.4,5431560.393,80893256,7001941212,2017,2017/10/26 04:00:00+00,1904,19,HENDON  AVE,ELDORA  AVE,<Null>,Collector,North York,18,32,43.780654,-79.419986,Intersection,At Intersection,No Control,Clear,"Dark, artificial",Dry,Non-Fatal Injury,Pedestrian Collisions,Pedestrian,65 to 69,Major,<Null>,North,<Null>,<Null>,<Null>,<Null>,Vehicle is going straight thru inter.while ped cross without ROW,Crossing without right of way,Normal,<Null>,<Null>,<Null>,Yes,<Null>,Yes,<Null>,<Null>,<Null>,<Null>,<Null>,<Null>,Yes,<Null>,<Null>,<Null>,D32,36,Newtonbrook West (36),14974,36
-8859035.843,5425786.336,80918691,7001954444,2017,2017/10/27 04:00:00+00,2031,20,FINCH  AVE W,KIPLING  AVE,<Null>,Major Arterial,Etobicoke York,1,23,43.743193,-79.582073,Intersection,At Intersection,Traffic Signal,Clear,Dark,Dry,Non-Fatal Injury,Cyclist Collisions,Cyclist,30 to 34,Minor,<Null>,West,Bicycle,Going Ahead,<Null>,<Null>,<Null>,<Null>,<Null>,Cyclist and Driver travelling in same direction. One vehicle rear-ended the other.,Other,Normal,<Null>,Yes,Yes,<Null>,<Null>,<Null>,<Null>,<Null>,<Null>,<Null>,<Null>,<Null>,<Null>,D23,3,Thistletown-Beaumond Heights (3),14975,3
-8859035.843,5425786.336,80918692,7001954444,2017,2017/10/27 04:00:00+00,2031,20,FINCH  AVE W,KIPLING  AVE,<Null>,Major Arterial,Etobicoke York,1,23,43.743193,-79.582073,Intersection,At Intersection,Traffic Signal,Clear,Dark,Dry,Non-Fatal Injury,Cyclist Collisions,Driver,45 to 49,Major,<Null>,South,"Automobile, Station Wagon",Going Ahead,Driving Properly,Normal,<Null>,<Null>,<Null>,<Null>,<Null>,<Null>,<Null>,Yes,Yes,<Null>,<Null>,<Null>,<Null>,<Null>,<Null>,<Null>,<Null>,<Null>,<Null>,D23,3,Thistletown-Beaumond Heights (3),14976,3
-8825406.002,5428785.201,80788238,7001964937,2017,2017/10/30 04:00:00+00,1423,14,KENNEDY RD,ELLESMERE RD,378 m South of,Major Arterial,Scarborough,21,41,43.762652,-79.279971,Mid-Block,At/Near Private Drive,No Control,Clear,Daylight,Dry,Non-Fatal Injury,Pedestrian Collisions,Driver,55 to 59,None,<Null>,East,"Automobile, Station Wagon",Turning Left,Failed to Yield Right of Way,Normal,<Null>,<Null>,<Null>,<Null>,<Null>,<Null>,Yes,<Null>,Yes,<Null>,<Null>,<Null>,<Null>,<Null>,<Null>,Yes,<Null>,<Null>,<Null>,D41,126,Dorset Park (126),14977,126
-8825406.002,5428785.201,80788239,7001964937,2017,2017/10/30 04:00:00+00,1423,14,KENNEDY RD,ELLESMERE RD,378 m South of,Major Arterial,Scarborough,21,41,43.762652,-79.279971,Mid-Block,At/Near Private Drive,No Control,Clear,Daylight,Dry,Non-Fatal Injury,Pedestrian Collisions,Pedestrian,55 to 59,Major,<Null>,West,<Null>,<Null>,<Null>,<Null>,Pedestrian hit at mid-block,"Crossing, no Traffic Control",Normal,<Null>,<Null>,<Null>,Yes,<Null>,Yes,<Null>,<Null>,<Null>,<Null>,<Null>,<Null>,Yes,<Null>,<Null>,<Null>,D41,126,Dorset Park (126),14978,126
-8849283.253,5431692.067,80785438,7001974417,2017,2017/10/31 04:00:00+00,2223,22,STEELES AVE W,KEELE ST,<Null>,Major Arterial,Etobicoke York,"7,6",31,43.781508,-79.494464,Intersection,At Intersection,Traffic Signal,Other,Dark,Other,Fatal,Turning Movement,Passenger,45 to 49,Fatal,51,<Null>,<Null>,<Null>,<Null>,<Null>,<Null>,<Null>,<Null>,<Null>,<Null>,<Null>,<Null>,<Null>,Yes,<Null>,<Null>,<Null>,<Null>,Yes,<Null>,Yes,<Null>,<Null>,<Null>,D31,27,York University Heights (27),14979,27
-8849283.253,5431692.067,80785439,7001974417,2017,2017/10/31 04:00:00+00,2223,22,STEELES AVE W,KEELE ST,<Null>,Major Arterial,Etobicoke York,"7,6",31,43.781508,-79.494464,Intersection,At Intersection,Traffic Signal,Other,Dark,Other,Fatal,Turning Movement,Driver,55 to 59,Major,<Null>,East,"Automobile, Station Wagon",Turning Left,Failed to Yield Right of Way,Unknown,<Null>,<Null>,<Null>,<Null>,<Null>,<Null>,<Null>,<Null>,Yes,<Null>,<Null>,<Null>,<Null>,Yes,<Null>,Yes,<Null>,<Null>,<Null>,D31,27,York University Heights (27),14980,27
-8849283.253,5431692.067,80785440,7001974417,2017,2017/10/31 04:00:00+00,2223,22,STEELES AVE W,KEELE ST,<Null>,Major Arterial,Etobicoke York,"7,6",31,43.781508,-79.494464,Intersection,At Intersection,Traffic Signal,Other,Dark,Other,Fatal,Turning Movement,Driver,15 to 19,None,<Null>,West,"Automobile, Station Wagon",Going Ahead,Driving Properly,Unknown,<Null>,<Null>,<Null>,<Null>,<Null>,<Null>,<Null>,<Null>,Yes,<Null>,<Null>,<Null>,<Null>,Yes,<Null>,Yes,<Null>,<Null>,<Null>,D31,27,York University Heights (27),14981,27
-8847881.073,5423128.104,80888528,7001980351,2017,2017/11/01 04:00:00+00,1903,19,KEELE ST,WILSON AVE,60 m South of,Major Arterial,North York,6,31,43.725939,-79.481868,Mid-Block,Non Intersection,Traffic Controller,Clear,"Daylight, artificial",Wet,Non-Fatal Injury,Pedestrian Collisions,Pedestrian,45 to 49,Major,<Null>,West,<Null>,<Null>,<Null>,<Null>,Pedestrian hit at mid-block,Running onto Roadway,Normal,<Null>,<Null>,<Null>,Yes,<Null>,Yes,<Null>,<Null>,<Null>,<Null>,<Null>,<Null>,<Null>,<Null>,<Null>,<Null>,D31,26,Downsview-Roding-CFB (26),14982,26
-8847881.073,5423128.104,80888529,7001980351,2017,2017/11/01 04:00:00+00,1903,19,KEELE ST,WILSON AVE,60 m South of,Major Arterial,North York,6,31,43.725939,-79.481868,Mid-Block,Non Intersection,Traffic Controller,Clear,"Daylight, artificial",Wet,Non-Fatal Injury,Pedestrian Collisions,Driver,30 to 34,None,<Null>,North,Pick Up Truck,Going Ahead,Driving Properly,Normal,<Null>,<Null>,<Null>,<Null>,<Null>,<Null>,Yes,<Null>,Yes,<Null>,<Null>,<Null>,<Null>,<Null>,<Null>,<Null>,<Null>,<Null>,<Null>,D31,26,Downsview-Roding-CFB (26),14983,26
-8856602.51,5407010.692,80785465,7001983024,2017,2017/11/02 04:00:00+00,840,8,161 THE WEST MALL,<Null>,<Null>,Minor Arterial,Etobicoke York,3,22,43.621218,-79.560214,Mid-Block,Non Intersection,No Control,<Null>,Daylight,<Null>,Fatal,Approaching,Driver,35 to 39,Minor,<Null>,South,"Automobile, Station Wagon",Going Ahead,Driving Properly,Normal,<Null>,<Null>,<Null>,<Null>,<Null>,<Null>,<Null>,<Null>,Yes,<Null>,<Null>,<Null>,<Null>,<Null>,Yes,Yes,<Null>,<Null>,<Null>,D22,14,Islington-City Centre West (14),14984,14
-8856602.51,5407010.692,80787040,7001983024,2017,2017/11/02 04:00:00+00,840,8,161 THE WEST MALL,<Null>,<Null>,Minor Arterial,Etobicoke York,3,22,43.621218,-79.560214,Mid-Block,Non Intersection,No Control,<Null>,Daylight,<Null>,Fatal,Approaching,Driver,35 to 39,Fatal,52,North,"Automobile, Station Wagon",Going Ahead,Lost control,Normal,<Null>,<Null>,<Null>,<Null>,<Null>,<Null>,<Null>,<Null>,Yes,<Null>,<Null>,<Null>,<Null>,<Null>,Yes,Yes,<Null>,<Null>,<Null>,D22,14,Islington-City Centre West (14),14985,14
-8842052.385,5410610.78,80929914,7001983803,2017,2017/11/02 04:00:00+00,1047,10,DUFFERIN ST,ALMA AVE,10 m North of,Minor Arterial,Toronto and East York,9,"11,14",43.644625,-79.429508,Intersection,At Intersection,No Control,Clear,Daylight,Wet,Non-Fatal Injury,Pedestrian Collisions,Pedestrian,60 to 64,Major,<Null>,East,<Null>,<Null>,<Null>,<Null>,Vehicle is going straight thru inter.while ped cross without ROW,Crossing without right of way,Inattentive,<Null>,<Null>,<Null>,Yes,<Null>,<Null>,<Null>,Yes,<Null>,<Null>,<Null>,<Null>,<Null>,<Null>,<Null>,<Null>,D14,84,Little Portugal (84),14986,84
-8842052.385,5410610.78,80929915,7001983803,2017,2017/11/02 04:00:00+00,1047,10,DUFFERIN ST,ALMA AVE,10 m North of,Minor Arterial,Toronto and East York,9,"11,14",43.644625,-79.429508,Intersection,At Intersection,No Control,Clear,Daylight,Wet,Non-Fatal Injury,Pedestrian Collisions,Truck Driver,55 to 59,None,<Null>,South,Truck - Car Carrier,Going Ahead,Driving Properly,Normal,<Null>,<Null>,<Null>,<Null>,<Null>,<Null>,Yes,<Null>,<Null>,<Null>,Yes,<Null>,<Null>,<Null>,<Null>,<Null>,<Null>,<Null>,<Null>,D14,84,Little Portugal (84),14987,84
-8849806.455,5413815.541,80876329,7001987033,2017,2017/11/02 04:00:00+00,1100,11,SCARLETT RD,DUNDAS ST W,<Null>,Major Arterial,Toronto and East York,4,11,43.665454,-79.499164,Intersection,At Intersection,Yield Sign,Clear,Daylight,Wet,Non-Fatal Injury,Rear End,Driver,50 to 54,None,<Null>,South,"Automobile, Station Wagon",Going Ahead,Other,Normal,<Null>,<Null>,<Null>,<Null>,<Null>,<Null>,<Null>,<Null>,Yes,<Null>,<Null>,<Null>,<Null>,<Null>,<Null>,<Null>,<Null>,<Null>,<Null>,D11,114,Lambton Baby Point (114),14988,114
-8849806.455,5413815.541,80876330,7001987033,2017,2017/11/02 04:00:00+00,1100,11,SCARLETT RD,DUNDAS ST W,<Null>,Major Arterial,Toronto and East York,4,11,43.665454,-79.499164,Intersection,At Intersection,Yield Sign,Clear,Daylight,Wet,Non-Fatal Injury,Rear End,Driver,30 to 34,Major,<Null>,South,"Automobile, Station Wagon",Stopped,Driving Properly,Normal,<Null>,<Null>,<Null>,<Null>,<Null>,<Null>,<Null>,<Null>,Yes,<Null>,<Null>,<Null>,<Null>,<Null>,<Null>,<Null>,<Null>,<Null>,<Null>,D11,114,Lambton Baby Point (114),14989,114
-8841600.539,5410330.345,80921425,7001988112,2017,2017/11/02 04:00:00+00,2215,22,1172 QUEEN ST W,<Null>,75 m East of,Major Arterial,Toronto and East York,9,14,43.642802,-79.425449,Mid-Block,Non Intersection,No Control,Rain,Dark,Wet,Non-Fatal Injury,Pedestrian Collisions,Pedestrian,30 to 34,Major,<Null>,South,<Null>,<Null>,<Null>,<Null>,Pedestrian hit at mid-block,"Crossing, no Traffic Control",Had Been Drinking,<Null>,<Null>,<Null>,Yes,<Null>,<Null>,<Null>,<Null>,Yes,<Null>,<Null>,<Null>,<Null>,<Null>,<Null>,<Null>,D14,84,Little Portugal (84),14990,84
-8841600.539,5410330.345,80921426,7001988112,2017,2017/11/02 04:00:00+00,2215,22,1172 QUEEN ST W,<Null>,75 m East of,Major Arterial,Toronto and East York,9,14,43.642802,-79.425449,Mid-Block,Non Intersection,No Control,Rain,Dark,Wet,Non-Fatal Injury,Pedestrian Collisions,Driver,50 to 54,None,<Null>,West,Street Car,Going Ahead,Driving Properly,Normal,<Null>,<Null>,<Null>,<Null>,<Null>,<Null>,Yes,<Null>,<Null>,<Null>,<Null>,Yes,<Null>,<Null>,<Null>,<Null>,<Null>,<Null>,<Null>,D14,84,Little Portugal (84),14991,84
-8846564.609,5432571.429,80943456,7001989464,2017,2017/11/03 04:00:00+00,649,6,DUFFERIN ST,STEELES  AVE W,1 m West of,Major Arterial,North York,6,32,43.787211,-79.470042,Intersection,At Intersection,Traffic Signal,Rain,"Dark, artificial",Wet,Non-Fatal Injury,Pedestrian Collisions,Pedestrian,60 to 64,Major,<Null>,South,<Null>,<Null>,<Null>,<Null>,Vehicle turns right while ped crosses with ROW at inter.,Crossing with right of way,Normal,<Null>,<Null>,<Null>,Yes,<Null>,Yes,<Null>,<Null>,<Null>,<Null>,<Null>,<Null>,Yes,<Null>,<Null>,<Null>,D32,34,Bathurst Manor (34),14992,34
-8846564.609,5432571.429,80943457,7001989464,2017,2017/11/03 04:00:00+00,649,6,DUFFERIN ST,STEELES  AVE W,1 m West of,Major Arterial,North York,6,32,43.787211,-79.470042,Intersection,At Intersection,Traffic Signal,Rain,"Dark, artificial",Wet,Non-Fatal Injury,Pedestrian Collisions,Driver,35 to 39,None,<Null>,South,Pick Up Truck,Turning Right,Failed to Yield Right of Way,Normal,<Null>,<Null>,<Null>,<Null>,<Null>,<Null>,Yes,<Null>,Yes,<Null>,<Null>,<Null>,<Null>,<Null>,<Null>,Yes,<Null>,<Null>,<Null>,D32,34,Bathurst Manor (34),14993,34
-8859828.994,5425462.451,80942259,7001989594,2017,2017/11/03 04:00:00+00,725,7,FINCH AVENUE W,ALBION ROAD,<Null>,Major Arterial,Etobicoke York,1,23,43.741091,-79.589198,Mid-Block,Non Intersection,No Control,Clear,"Dawn, artificial",Wet,Non-Fatal Injury,Pedestrian Collisions,Pedestrian,50 to 54,Major,<Null>,Unknown,<Null>,<Null>,<Null>,<Null>,Pedestrian hit at mid-block,"Crossing, no Traffic Control",Had Been Drinking,<Null>,<Null>,<Null>,Yes,<Null>,Yes,<Null>,<Null>,<Null>,<Null>,<Null>,<Null>,<Null>,<Null>,<Null>,<Null>,D23,2,Mount Olive-Silverstone-Jamestown (2),14994,2
-8859828.994,5425462.451,80942260,7001989594,2017,2017/11/03 04:00:00+00,725,7,FINCH AVENUE W,ALBION ROAD,<Null>,Major Arterial,Etobicoke York,1,23,43.741091,-79.589198,Mid-Block,Non Intersection,No Control,Clear,"Dawn, artificial",Wet,Non-Fatal Injury,Pedestrian Collisions,Driver,45 to 49,None,<Null>,North,Pick Up Truck,Going Ahead,Other,Unknown,<Null>,<Null>,<Null>,<Null>,<Null>,<Null>,Yes,<Null>,Yes,<Null>,<Null>,<Null>,<Null>,<Null>,<Null>,<Null>,<Null>,<Null>,<Null>,D23,2,Mount Olive-Silverstone-Jamestown (2),14995,2
-8824623.871,5430364.162,80910262,7001991111,2017,2017/11/03 04:00:00+00,1202,12,PROGRESS AVE,MIDLAND AVE,<Null>,Major Arterial,Scarborough,21,41,43.772895,-79.272945,Intersection,At Intersection,Traffic Signal,Clear,Daylight,Dry,Non-Fatal Injury,Pedestrian Collisions,Pedestrian,30 to 34,Major,<Null>,South,<Null>,<Null>,<Null>,<Null>,Vehicle is going straight thru inter.while ped cross without ROW,Running onto Roadway,Medical or Physical Disability,<Null>,<Null>,<Null>,Yes,<Null>,Yes,<Null>,<Null>,<Null>,<Null>,<Null>,<Null>,<Null>,<Null>,<Null>,<Null>,D41,127,Bendale (127),14996,127
-8824623.871,5430364.162,80910263,7001991111,2017,2017/11/03 04:00:00+00,1202,12,PROGRESS AVE,MIDLAND AVE,<Null>,Major Arterial,Scarborough,21,41,43.772895,-79.272945,Intersection,At Intersection,Traffic Signal,Clear,Daylight,Dry,Non-Fatal Injury,Pedestrian Collisions,Driver,55 to 59,None,<Null>,East,"Automobile, Station Wagon",Going Ahead,Driving Properly,Normal,<Null>,<Null>,<Null>,<Null>,<Null>,<Null>,Yes,<Null>,Yes,<Null>,<Null>,<Null>,<Null>,<Null>,<Null>,<Null>,<Null>,<Null>,<Null>,D41,127,Bendale (127),14997,127
-8853637.627,5420320.952,80917740,7002024168,2017,2017/11/08 05:00:00+00,1604,16,OAK  ST,WESTON  RD,<Null>,Major Arterial,Etobicoke York,5,12,43.707713,-79.53358,Intersection,At Intersection,Traffic Signal,Clear,Daylight,Dry,Non-Fatal Injury,Pedestrian Collisions,Pedestrian,15 to 19,Major,<Null>,Unknown,<Null>,<Null>,<Null>,<Null>,Vehicle turns right while ped crosses with ROW at inter.,Crossing with right of way,Normal,<Null>,<Null>,<Null>,Yes,<Null>,Yes,<Null>,<Null>,<Null>,<Null>,<Null>,<Null>,Yes,<Null>,<Null>,<Null>,D12,113,Weston (113),14998,113
-8853637.627,5420320.952,80917741,7002024168,2017,2017/11/08 05:00:00+00,1604,16,OAK  ST,WESTON  RD,<Null>,Major Arterial,Etobicoke York,5,12,43.707713,-79.53358,Intersection,At Intersection,Traffic Signal,Clear,Daylight,Dry,Non-Fatal Injury,Pedestrian Collisions,Driver,25 to 29,None,<Null>,West,"Automobile, Station Wagon",Turning Right,Failed to Yield Right of Way,Inattentive,<Null>,<Null>,<Null>,<Null>,<Null>,<Null>,Yes,<Null>,Yes,<Null>,<Null>,<Null>,<Null>,<Null>,<Null>,Yes,<Null>,<Null>,<Null>,D12,113,Weston (113),14999,113
-8847367.222,5417951.416,80935880,7002025111,2017,2017/11/08 05:00:00+00,1838,18,TRETHEWEY DR,IRVING RD,20 m North of,Minor Arterial,Etobicoke York,5,12,43.692324,-79.477252,Intersection,Non Intersection,No Control,Clear,"Dark, artificial",Dry,Non-Fatal Injury,Cyclist Collisions,Cyclist,55 to 59,Major,<Null>,West,Bicycle,Going Ahead,<Null>,<Null>,<Null>,<Null>,<Null>,Cyclist and Driver travelling in same direction. One vehicle rear-ended the other.,Driving Properly,Normal,<Null>,Yes,Yes,<Null>,<Null>,<Null>,<Null>,<Null>,<Null>,Yes,<Null>,<Null>,<Null>,D12,112,Beechborough-Greenbrook (112),15000,112